ts_code,name,industry
000001.SZ,平安银行,金融
000002.SZ,万科A,房地产
000004.SZ,国华网安,信息技术
000005.SZ,ST星源,工业
000006.SZ,深振业A,房地产
000007.SZ,*ST全新,可选消费
000008.SZ,神州高铁,工业
000009.SZ,中国宝安,工业
000010.SZ,美丽生态,工业
000011.SZ,深物业A,房地产
000012.SZ,南玻A,材料
000014.SZ,沙河股份,房地产
000016.SZ,深康佳A,可选消费
000017.SZ,深中华A,可选消费
000019.SZ,深粮控股,工业
000020.SZ,深华发A,可选消费
000021.SZ,深科技,信息技术
000023.SZ,ST深天,材料
000025.SZ,特力A,可选消费
000026.SZ,飞亚达,可选消费
000027.SZ,深圳能源,公用事业
000028.SZ,国药一致,医疗保健
000029.SZ,深深房A,房地产
000030.SZ,富奥股份,可选消费
000031.SZ,大悦城,房地产
000032.SZ,深桑达A,工业
000034.SZ,神州数码,信息技术
000035.SZ,中国天楹,工业
000036.SZ,华联控股,房地产
000037.SZ,深南电A,公用事业
000039.SZ,中集集团,工业
000040.SZ,东旭蓝天,公用事业
000042.SZ,中洲控股,房地产
000045.SZ,深纺织A,信息技术
000046.SZ,*ST泛海,金融
000048.SZ,京基智农,日常消费
000049.SZ,德赛电池,工业
000050.SZ,深天马A,信息技术
000055.SZ,方大集团,工业
000056.SZ,皇庭国际,工业
000058.SZ,深赛格,房地产
000059.SZ,华锦股份,能源
000060.SZ,中金岭南,材料
000061.SZ,农产品,日常消费
000062.SZ,深圳华强,信息技术
000063.SZ,中兴通讯,信息技术
000065.SZ,北方国际,工业
000066.SZ,中国长城,信息技术
000068.SZ,华控赛格,工业
000069.SZ,华侨城A,房地产
000070.SZ,特发信息,信息技术
000078.SZ,海王生物,医疗保健
000088.SZ,盐田港,工业
000089.SZ,深圳机场,工业
000090.SZ,天健集团,工业
000096.SZ,广聚能源,能源
000099.SZ,中信海直,工业
000100.SZ,TCL科技,信息技术
000151.SZ,中成股份,工业
000153.SZ,丰原药业,医疗保健
000155.SZ,川能动力,公用事业
000156.SZ,华数传媒,可选消费
000157.SZ,中联重科,工业
000158.SZ,常山北明,信息技术
000159.SZ,国际实业,能源
000166.SZ,申万宏源,金融
000301.SZ,东方盛虹,材料
000333.SZ,美的集团,可选消费
000338.SZ,潍柴动力,工业
000400.SZ,许继电气,工业
000401.SZ,冀东水泥,材料
000402.SZ,金融街,房地产
000403.SZ,派林生物,医疗保健
000404.SZ,长虹华意,工业
000407.SZ,胜利股份,公用事业
000408.SZ,藏格矿业,材料
000409.SZ,云鼎科技,信息技术
000410.SZ,沈阳机床,工业
000411.SZ,英特集团,医疗保健
000413.SZ,东旭光电,信息技术
000415.SZ,渤海租赁,金融
000416.SZ,*ST民控,金融
000417.SZ,合肥百货,可选消费
000419.SZ,通程控股,可选消费
000420.SZ,吉林化纤,材料
000421.SZ,南京公用,公用事业
000422.SZ,湖北宜化,材料
000423.SZ,东阿阿胶,医疗保健
000425.SZ,徐工机械,工业
000426.SZ,兴业银锡,材料
000428.SZ,华天酒店,可选消费
000429.SZ,粤高速A,工业
000430.SZ,张家界,可选消费
000488.SZ,晨鸣纸业,材料
000498.SZ,山东路桥,工业
000501.SZ,武商集团,可选消费
000503.SZ,国新健康,信息技术
000504.SZ,南华生物,医疗保健
000505.SZ,京粮控股,日常消费
000506.SZ,中润资源,材料
000507.SZ,珠海港,工业
000509.SZ,华塑控股,信息技术
000510.SZ,新金路,材料
000513.SZ,丽珠集团,医疗保健
000514.SZ,渝开发,房地产
000516.SZ,国际医学,医疗保健
000517.SZ,荣安地产,房地产
000518.SZ,四环生物,医疗保健
000519.SZ,中兵红箭,工业
000520.SZ,凤凰航运,工业
000521.SZ,长虹美菱,可选消费
000523.SZ,红棉股份,日常消费
000524.SZ,岭南控股,可选消费
000525.SZ,ST红太阳,材料
000526.SZ,学大教育,可选消费
000528.SZ,柳工,工业
000529.SZ,广弘控股,日常消费
000530.SZ,冰山冷热,工业
000531.SZ,穗恒运A,公用事业
000532.SZ,华金资本,信息技术
000533.SZ,顺钠股份,可选消费
000534.SZ,万泽股份,医疗保健
000536.SZ,华映科技,信息技术
000537.SZ,中绿电,公用事业
000538.SZ,云南白药,医疗保健
000539.SZ,粤电力A,公用事业
000541.SZ,佛山照明,可选消费
000543.SZ,皖能电力,公用事业
000544.SZ,中原环保,公用事业
000545.SZ,金浦钛业,材料
000546.SZ,金圆股份,材料
000547.SZ,航天发展,工业
000548.SZ,湖南投资,工业
000550.SZ,江铃汽车,可选消费
000551.SZ,创元科技,工业
000552.SZ,甘肃能化,能源
000553.SZ,安道麦A,材料
000554.SZ,泰山石油,能源
000555.SZ,神州信息,信息技术
000557.SZ,西部创业,工业
000558.SZ,莱茵体育,可选消费
000559.SZ,万向钱潮,可选消费
000560.SZ,我爱我家,房地产
000561.SZ,烽火电子,信息技术
000563.SZ,陕国投A,金融
000564.SZ,ST大集,可选消费
000565.SZ,渝三峡A,材料
000566.SZ,海南海药,医疗保健
000567.SZ,海德股份,金融
000568.SZ,泸州老窖,日常消费
000570.SZ,苏常柴A,工业
000571.SZ,新大洲A,能源
000572.SZ,海马汽车,可选消费
000573.SZ,粤宏远A,房地产
000576.SZ,甘化科工,工业
000581.SZ,威孚高科,可选消费
000582.SZ,北部湾港,工业
000584.SZ,ST工智,工业
000586.SZ,汇源通信,信息技术
000589.SZ,贵州轮胎,可选消费
000590.SZ,启迪药业,医疗保健
000591.SZ,太阳能,公用事业
000592.SZ,平潭发展,材料
000593.SZ,德龙汇能,公用事业
000595.SZ,宝塔实业,工业
000596.SZ,古井贡酒,日常消费
000597.SZ,东北制药,医疗保健
000598.SZ,兴蓉环境,公用事业
000599.SZ,青岛双星,可选消费
000600.SZ,建投能源,公用事业
000601.SZ,韶能股份,公用事业
000603.SZ,盛达资源,材料
000605.SZ,渤海股份,公用事业
000607.SZ,华媒控股,可选消费
000608.SZ,阳光股份,房地产
000609.SZ,中迪投资,房地产
000610.SZ,西安旅游,可选消费
000612.SZ,焦作万方,材料
000615.SZ,*ST美谷,材料
000617.SZ,中油资本,金融
000619.SZ,海螺新材,工业
000620.SZ,*ST新联,房地产
000622.SZ,恒立实业,可选消费
000623.SZ,吉林敖东,医疗保健
000625.SZ,长安汽车,可选消费
000626.SZ,远大控股,工业
000627.SZ,天茂集团,金融
000628.SZ,高新发展,工业
000629.SZ,钒钛股份,材料
000630.SZ,铜陵有色,材料
000631.SZ,顺发恒业,房地产
000632.SZ,三木集团,工业
000633.SZ,合金投资,材料
000635.SZ,英力特,材料
000636.SZ,风华高科,信息技术
000637.SZ,ST实华,材料
000638.SZ,万方发展,工业
000639.SZ,西王食品,日常消费
000650.SZ,仁和药业,医疗保健
000651.SZ,格力电器,可选消费
000652.SZ,泰达股份,工业
000655.SZ,金岭矿业,材料
000656.SZ,金科股份,房地产
000657.SZ,中钨高新,材料
000659.SZ,珠海中富,材料
000661.SZ,长春高新,医疗保健
000663.SZ,永安林业,可选消费
000665.SZ,湖北广电,可选消费
000668.SZ,荣丰控股,医疗保健
000669.SZ,ST金鸿,公用事业
000670.SZ,盈方微,信息技术
000672.SZ,上峰水泥,材料
000676.SZ,智度股份,信息技术
000677.SZ,恒天海龙,材料
000678.SZ,襄阳轴承,可选消费
000679.SZ,大连友谊,可选消费
000680.SZ,山推股份,工业
000681.SZ,视觉中国,可选消费
000682.SZ,东方电子,工业
000683.SZ,远兴能源,材料
000685.SZ,中山公用,公用事业
000686.SZ,东北证券,金融
000688.SZ,国城矿业,材料
000690.SZ,宝新能源,公用事业
000691.SZ,亚太实业,材料
000692.SZ,*ST惠天,公用事业
000695.SZ,滨海能源,工业
000697.SZ,*ST炼石,工业
000698.SZ,沈阳化工,材料
000700.SZ,模塑科技,可选消费
000701.SZ,厦门信达,工业
000702.SZ,正虹科技,日常消费
000703.SZ,恒逸石化,材料
000705.SZ,浙江震元,医疗保健
000707.SZ,双环科技,材料
000708.SZ,中信特钢,材料
000709.SZ,河钢股份,材料
000710.SZ,贝瑞基因,医疗保健
000711.SZ,*ST京蓝,工业
000712.SZ,锦龙股份,金融
000713.SZ,丰乐种业,日常消费
000715.SZ,中兴商业,可选消费
000716.SZ,黑芝麻,日常消费
000717.SZ,中南股份,材料
000718.SZ,苏宁环球,房地产
000719.SZ,中原传媒,可选消费
000720.SZ,新能泰山,工业
000721.SZ,西安饮食,可选消费
000722.SZ,湖南发展,公用事业
000723.SZ,美锦能源,能源
000725.SZ,京东方A,信息技术
000726.SZ,鲁泰A,可选消费
000727.SZ,冠捷科技,信息技术
000728.SZ,国元证券,金融
000729.SZ,燕京啤酒,日常消费
000731.SZ,四川美丰,材料
000733.SZ,振华科技,信息技术
000735.SZ,罗牛山,日常消费
000736.SZ,中交地产,房地产
000737.SZ,北方铜业,材料
000738.SZ,航发控制,工业
000739.SZ,普洛药业,医疗保健
000750.SZ,国海证券,金融
000751.SZ,锌业股份,材料
000752.SZ,*ST西发,日常消费
000753.SZ,漳州发展,可选消费
000755.SZ,山西路桥,工业
000756.SZ,新华制药,医疗保健
000757.SZ,浩物股份,可选消费
000758.SZ,中色股份,材料
000759.SZ,中百集团,日常消费
000761.SZ,本钢板材,材料
000762.SZ,西藏矿业,材料
000766.SZ,通化金马,医疗保健
000767.SZ,晋控电力,公用事业
000768.SZ,中航西飞,工业
000776.SZ,广发证券,金融
000777.SZ,中核科技,工业
000778.SZ,新兴铸管,材料
000779.SZ,甘咨询,工业
000782.SZ,美达股份,材料
000783.SZ,长江证券,金融
000785.SZ,居然之家,可选消费
000786.SZ,北新建材,材料
000788.SZ,北大医药,医疗保健
000789.SZ,万年青,材料
000790.SZ,华神科技,医疗保健
000791.SZ,甘肃能源,公用事业
000792.SZ,盐湖股份,材料
000793.SZ,华闻集团,可选消费
000795.SZ,英洛华,材料
000796.SZ,*ST凯撒,可选消费
000797.SZ,中国武夷,房地产
000798.SZ,中水渔业,日常消费
000799.SZ,酒鬼酒,日常消费
000800.SZ,一汽解放,可选消费
000801.SZ,四川九洲,可选消费
000802.SZ,北京文化,可选消费
000803.SZ,山高环能,工业
000807.SZ,云铝股份,材料
000809.SZ,铁岭新城,公用事业
000810.SZ,创维数字,信息技术
000811.SZ,冰轮环境,工业
000812.SZ,陕西金叶,工业
000813.SZ,德展健康,医疗保健
000815.SZ,美利云,材料
000816.SZ,智慧农业,工业
000818.SZ,航锦科技,材料
000819.SZ,岳阳兴长,材料
000820.SZ,神雾节能,工业
000821.SZ,京山轻机,工业
000822.SZ,山东海化,材料
000823.SZ,超声电子,信息技术
000825.SZ,太钢不锈,材料
000826.SZ,启迪环境,工业
000828.SZ,东莞控股,工业
000829.SZ,天音控股,信息技术
000830.SZ,鲁西化工,材料
000831.SZ,中国稀土,材料
000833.SZ,粤桂股份,工业
000836.SZ,富通信息,信息技术
000837.SZ,秦川机床,工业
000838.SZ,财信发展,房地产
000839.SZ,ST国安,可选消费
000848.SZ,承德露露,日常消费
000850.SZ,华茂股份,可选消费
000851.SZ,高鸿股份,可选消费
000852.SZ,石化机械,能源
000856.SZ,冀东装备,工业
000858.SZ,五粮液,日常消费
000859.SZ,国风新材,材料
000860.SZ,顺鑫农业,日常消费
000861.SZ,海印股份,房地产
000862.SZ,银星能源,公用事业
000863.SZ,三湘印象,房地产
000868.SZ,安凯客车,可选消费
000869.SZ,张裕A,日常消费
000875.SZ,吉电股份,公用事业
000876.SZ,新希望,日常消费
000877.SZ,天山股份,材料
000878.SZ,云南铜业,材料
000880.SZ,潍柴重机,工业
000881.SZ,中广核技,工业
000882.SZ,华联股份,房地产
000883.SZ,湖北能源,公用事业
000885.SZ,城发环境,工业
000886.SZ,海南高速,房地产
000887.SZ,中鼎股份,可选消费
000888.SZ,峨眉山A,可选消费
000889.SZ,ST中嘉,信息技术
000890.SZ,法尔胜,材料
000892.SZ,欢瑞世纪,可选消费
000893.SZ,亚钾国际,材料
000895.SZ,双汇发展,日常消费
000897.SZ,津滨发展,房地产
000898.SZ,鞍钢股份,材料
000899.SZ,赣能股份,公用事业
000900.SZ,现代投资,工业
000901.SZ,航天科技,可选消费
000902.SZ,新洋丰,材料
000903.SZ,云内动力,工业
000905.SZ,厦门港务,工业
000906.SZ,浙商中拓,工业
000908.SZ,景峰医药,医疗保健
000909.SZ,ST数源,工业
000910.SZ,大亚圣象,材料
000911.SZ,广农糖业,日常消费
000912.SZ,泸天化,材料
000913.SZ,钱江摩托,可选消费
000915.SZ,华特达因,医疗保健
000917.SZ,电广传媒,可选消费
000919.SZ,金陵药业,医疗保健
000920.SZ,沃顿科技,材料
000921.SZ,海信家电,可选消费
000922.SZ,佳电股份,工业
000923.SZ,河钢资源,材料
000925.SZ,众合科技,工业
000926.SZ,福星股份,房地产
000927.SZ,中国铁物,工业
000928.SZ,中钢国际,工业
000929.SZ,兰州黄河,日常消费
000930.SZ,中粮科技,材料
000931.SZ,中关村,医疗保健
000932.SZ,华菱钢铁,材料
000933.SZ,神火股份,材料
000935.SZ,四川双马,材料
000936.SZ,华西股份,材料
000937.SZ,冀中能源,能源
000938.SZ,紫光股份,信息技术
000948.SZ,南天信息,信息技术
000949.SZ,新乡化纤,材料
000950.SZ,重药控股,医疗保健
000951.SZ,中国重汽,工业
000952.SZ,广济药业,医疗保健
000953.SZ,河化股份,材料
000955.SZ,欣龙控股,可选消费
000957.SZ,中通客车,可选消费
000958.SZ,电投产融,公用事业
000959.SZ,首钢股份,材料
000960.SZ,锡业股份,材料
000961.SZ,中南建设,房地产
000962.SZ,东方钽业,材料
000963.SZ,华东医药,医疗保健
000965.SZ,天保基建,房地产
000966.SZ,长源电力,公用事业
000967.SZ,盈峰环境,工业
000968.SZ,蓝焰控股,能源
000969.SZ,安泰科技,材料
000970.SZ,中科三环,材料
000971.SZ,ST高升,信息技术
000972.SZ,中基健康,日常消费
000973.SZ,佛塑科技,材料
000975.SZ,银泰黄金,材料
000976.SZ,ST华铁,工业
000977.SZ,浪潮信息,信息技术
000978.SZ,桂林旅游,可选消费
000980.SZ,众泰汽车,可选消费
000981.SZ,山子股份,可选消费
000982.SZ,中银绒业,可选消费
000983.SZ,山西焦煤,能源
000985.SZ,大庆华科,材料
000987.SZ,越秀资本,金融
000988.SZ,华工科技,信息技术
000989.SZ,九芝堂,医疗保健
000990.SZ,诚志股份,材料
000993.SZ,闽东电力,公用事业
000995.SZ,皇台酒业,日常消费
000996.SZ,*ST中期,可选消费
000997.SZ,新大陆,信息技术
000998.SZ,隆平高科,日常消费
000999.SZ,华润三九,医疗保健
001201.SZ,东瑞股份,日常消费
001202.SZ,炬申股份,工业
001203.SZ,大中矿业,材料
001205.SZ,盛航股份,工业
001206.SZ,依依股份,日常消费
001207.SZ,联科科技,材料
001208.SZ,华菱线缆,工业
001209.SZ,洪兴股份,可选消费
001210.SZ,金房能源,公用事业
001211.SZ,双枪科技,材料
001212.SZ,中旗新材,工业
001213.SZ,中铁特货,工业
001215.SZ,千味央厨,日常消费
001216.SZ,华瓷股份,材料
001217.SZ,华尔泰,材料
001218.SZ,丽臣实业,材料
001219.SZ,青岛食品,日常消费
001222.SZ,源飞宠物,日常消费
001223.SZ,欧克科技,工业
001225.SZ,和泰机电,工业
001226.SZ,拓山重工,工业
001227.SZ,兰州银行,金融
001228.SZ,永泰运,工业
001229.SZ,魅视科技,信息技术
001230.SZ,劲旅环境,工业
001231.SZ,农心科技,材料
001234.SZ,泰慕士,可选消费
001236.SZ,弘业期货,金融
001238.SZ,浙江正特,可选消费
001239.SZ,永达股份,工业
001255.SZ,博菲电气,工业
001256.SZ,炜冈科技,工业
001258.SZ,立新能源,公用事业
001259.SZ,利仁科技,可选消费
001260.SZ,坤泰股份,可选消费
001266.SZ,宏英智能,信息技术
001267.SZ,汇绿生态,工业
001268.SZ,联合精密,工业
001269.SZ,欧晶科技,材料
001270.SZ,铖昌科技,工业
001278.SZ,一彬科技,可选消费
001282.SZ,三联锻造,可选消费
001283.SZ,豪鹏科技,工业
001286.SZ,陕西能源,公用事业
001287.SZ,中电港,信息技术
001288.SZ,运机集团,工业
001289.SZ,龙源电力,公用事业
001296.SZ,长江材料,材料
001298.SZ,好上好,信息技术
001299.SZ,美能能源,公用事业
001300.SZ,三柏硕,可选消费
001301.SZ,尚太科技,材料
001306.SZ,夏厦精密,工业
001308.SZ,康冠科技,信息技术
001309.SZ,德明利,信息技术
001311.SZ,多利科技,可选消费
001313.SZ,粤海饲料,日常消费
001314.SZ,亿道信息,可选消费
001316.SZ,润贝航科,材料
001317.SZ,三羊马,工业
001318.SZ,阳光乳业,日常消费
001319.SZ,铭科精技,可选消费
001322.SZ,箭牌家居,工业
001323.SZ,慕思股份,可选消费
001324.SZ,长青科技,工业
001326.SZ,联域股份,可选消费
001328.SZ,登康口腔,日常消费
001330.SZ,博纳影业,可选消费
001331.SZ,胜通能源,公用事业
001332.SZ,锡装股份,工业
001333.SZ,光华股份,材料
001336.SZ,楚环科技,工业
001337.SZ,四川黄金,材料
001338.SZ,永顺泰,日常消费
001339.SZ,智微智能,信息技术
001358.SZ,C兴欣,材料
001360.SZ,南矿集团,工业
001366.SZ,播恩集团,日常消费
001367.SZ,海森药业,医疗保健
001368.SZ,通达创智,可选消费
001373.SZ,翔腾新材,信息技术
001376.SZ,百通能源,公用事业
001378.SZ,德冠新材,材料
001380.SZ,华纬科技,可选消费
001696.SZ,宗申动力,可选消费
001872.SZ,招商港口,工业
001896.SZ,豫能控股,公用事业
001914.SZ,招商积余,房地产
001965.SZ,招商公路,工业
001979.SZ,招商蛇口,房地产
002001.SZ,新和成,医疗保健
002002.SZ,ST鸿达,材料
002003.SZ,伟星股份,可选消费
002004.SZ,华邦健康,材料
002005.SZ,ST德豪,信息技术
002006.SZ,精工科技,工业
002007.SZ,华兰生物,医疗保健
002008.SZ,大族激光,信息技术
002009.SZ,天奇股份,工业
002010.SZ,传化智联,工业
002011.SZ,盾安环境,工业
002012.SZ,凯恩股份,材料
002014.SZ,永新股份,材料
002015.SZ,协鑫能科,公用事业
002016.SZ,世荣兆业,房地产
002017.SZ,东信和平,信息技术
002019.SZ,亿帆医药,医疗保健
002020.SZ,京新药业,医疗保健
002021.SZ,*ST中捷,工业
002022.SZ,科华生物,医疗保健
002023.SZ,海特高新,工业
002024.SZ,ST易购,可选消费
002025.SZ,航天电器,信息技术
002026.SZ,山东威达,工业
002027.SZ,分众传媒,可选消费
002028.SZ,思源电气,工业
002029.SZ,七匹狼,可选消费
002030.SZ,达安基因,医疗保健
002031.SZ,巨轮智能,工业
002032.SZ,苏泊尔,可选消费
002033.SZ,丽江股份,可选消费
002034.SZ,旺能环境,工业
002035.SZ,华帝股份,可选消费
002036.SZ,联创电子,信息技术
002037.SZ,保利联合,材料
002038.SZ,双鹭药业,医疗保健
002039.SZ,黔源电力,公用事业
002040.SZ,南京港,工业
002041.SZ,登海种业,日常消费
002042.SZ,华孚时尚,可选消费
002043.SZ,兔宝宝,材料
002044.SZ,美年健康,医疗保健
002045.SZ,国光电器,可选消费
002046.SZ,国机精工,工业
002047.SZ,宝鹰股份,工业
002048.SZ,宁波华翔,可选消费
002049.SZ,紫光国微,信息技术
002050.SZ,三花智控,工业
002051.SZ,中工国际,工业
002052.SZ,ST同洲,可选消费
002053.SZ,云南能投,日常消费
002054.SZ,德美化工,材料
002055.SZ,得润电子,信息技术
002056.SZ,横店东磁,工业
002057.SZ,中钢天源,工业
002058.SZ,威尔泰,工业
002059.SZ,云南旅游,可选消费
002060.SZ,粤水电,工业
002061.SZ,浙江交科,工业
002062.SZ,宏润建设,工业
002063.SZ,远光软件,信息技术
002064.SZ,华峰化学,材料
002065.SZ,东华软件,信息技术
002066.SZ,瑞泰科技,材料
002067.SZ,景兴纸业,材料
002068.SZ,黑猫股份,材料
002069.SZ,獐子岛,日常消费
002072.SZ,凯瑞德,工业
002073.SZ,软控股份,工业
002074.SZ,国轩高科,工业
002075.SZ,沙钢股份,材料
002076.SZ,星光股份,可选消费
002077.SZ,大港股份,信息技术
002078.SZ,太阳纸业,材料
002079.SZ,苏州固锝,信息技术
002080.SZ,中材科技,材料
002081.SZ,金螳螂,工业
002082.SZ,万邦德,医疗保健
002083.SZ,孚日股份,可选消费
002084.SZ,海鸥住工,工业
002085.SZ,万丰奥威,可选消费
002086.SZ,*ST东洋,日常消费
002087.SZ,*ST新纺,可选消费
002088.SZ,鲁阳节能,材料
002089.SZ,*ST新海,信息技术
002090.SZ,金智科技,工业
002091.SZ,江苏国泰,工业
002092.SZ,中泰化学,材料
002093.SZ,国脉科技,信息技术
002094.SZ,青岛金王,日常消费
002095.SZ,生意宝,信息技术
002096.SZ,易普力,材料
002097.SZ,山河智能,工业
002098.SZ,浔兴股份,可选消费
002099.SZ,海翔药业,医疗保健
002100.SZ,天康生物,日常消费
002101.SZ,广东鸿图,可选消费
002102.SZ,冠福股份,医疗保健
002103.SZ,广博股份,信息技术
002104.SZ,恒宝股份,信息技术
002105.SZ,信隆健康,可选消费
002106.SZ,莱宝高科,信息技术
002107.SZ,沃华医药,医疗保健
002108.SZ,沧州明珠,材料
002109.SZ,兴化股份,材料
002110.SZ,三钢闽光,材料
002111.SZ,威海广泰,工业
002112.SZ,三变科技,工业
002114.SZ,罗平锌电,材料
002115.SZ,三维通信,可选消费
002116.SZ,中国海诚,工业
002117.SZ,东港股份,工业
002119.SZ,康强电子,信息技术
002120.SZ,韵达股份,工业
002121.SZ,科陆电子,工业
002122.SZ,汇洲智能,工业
002123.SZ,梦网科技,信息技术
002124.SZ,天邦食品,日常消费
002125.SZ,湘潭电化,材料
002126.SZ,银轮股份,可选消费
002127.SZ,南极电商,可选消费
002128.SZ,电投能源,材料
002129.SZ,TCL中环,信息技术
002130.SZ,沃尔核材,工业
002131.SZ,利欧股份,可选消费
002132.SZ,恒星科技,材料
002133.SZ,广宇集团,房地产
002134.SZ,天津普林,信息技术
002135.SZ,东南网架,工业
002136.SZ,安纳达,材料
002137.SZ,实益达,可选消费
002138.SZ,顺络电子,信息技术
002139.SZ,拓邦股份,信息技术
002140.SZ,东华科技,工业
002141.SZ,贤丰控股,工业
002142.SZ,宁波银行,金融
002144.SZ,宏达高科,可选消费
002145.SZ,中核钛白,材料
002146.SZ,荣盛发展,房地产
002148.SZ,北纬科技,信息技术
002149.SZ,西部材料,材料
002150.SZ,通润装备,工业
002151.SZ,北斗星通,工业
002152.SZ,广电运通,信息技术
002153.SZ,石基信息,信息技术
002154.SZ,报喜鸟,可选消费
002155.SZ,湖南黄金,材料
002156.SZ,通富微电,信息技术
002157.SZ,*ST正邦,日常消费
002158.SZ,汉钟精机,工业
002159.SZ,三特索道,可选消费
002160.SZ,常铝股份,材料
002161.SZ,远望谷,信息技术
002162.SZ,悦心健康,工业
002163.SZ,海南发展,工业
002164.SZ,宁波东力,工业
002165.SZ,红宝丽,材料
002166.SZ,莱茵生物,医疗保健
002167.SZ,东方锆业,材料
002168.SZ,惠程科技,信息技术
002169.SZ,智光电气,工业
002170.SZ,芭田股份,材料
002171.SZ,楚江新材,材料
002172.SZ,澳洋健康,医疗保健
002173.SZ,创新医疗,医疗保健
002174.SZ,游族网络,信息技术
002175.SZ,东方智造,工业
002176.SZ,江特电机,工业
002177.SZ,御银股份,信息技术
002178.SZ,延华智能,信息技术
002179.SZ,中航光电,信息技术
002180.SZ,纳思达,信息技术
002181.SZ,粤传媒,可选消费
002182.SZ,宝武镁业,材料
002183.SZ,怡亚通,工业
002184.SZ,海得控制,工业
002185.SZ,华天科技,信息技术
002186.SZ,全聚德,可选消费
002187.SZ,广百股份,可选消费
002188.SZ,中天服务,房地产
002189.SZ,中光学,信息技术
002190.SZ,成飞集成,可选消费
002191.SZ,劲嘉股份,工业
002192.SZ,融捷股份,材料
002193.SZ,如意集团,可选消费
002194.SZ,武汉凡谷,信息技术
002195.SZ,岩山科技,信息技术
002196.SZ,方正电机,工业
002197.SZ,证通电子,信息技术
002198.SZ,嘉应制药,医疗保健
002199.SZ,东晶电子,信息技术
002200.SZ,ST交投,工业
002201.SZ,正威新材,材料
002202.SZ,金风科技,工业
002203.SZ,海亮股份,材料
002204.SZ,大连重工,工业
002205.SZ,国统股份,工业
002206.SZ,海利得,材料
002207.SZ,准油股份,能源
002208.SZ,合肥城建,房地产
002209.SZ,达意隆,工业
002210.SZ,飞马国际,工业
002211.SZ,宏达新材,材料
002212.SZ,天融信,信息技术
002213.SZ,大为股份,信息技术
002214.SZ,大立科技,信息技术
002215.SZ,诺普信,材料
002216.SZ,三全食品,日常消费
002217.SZ,合力泰,信息技术
002218.SZ,拓日新能,信息技术
002219.SZ,新里程,医疗保健
002221.SZ,东华能源,能源
002222.SZ,福晶科技,信息技术
002223.SZ,鱼跃医疗,医疗保健
002224.SZ,三力士,材料
002225.SZ,濮耐股份,材料
002226.SZ,江南化工,材料
002227.SZ,奥特迅,工业
002228.SZ,合兴包装,材料
002229.SZ,鸿博股份,工业
002230.SZ,科大讯飞,信息技术
002231.SZ,奥维通信,信息技术
002232.SZ,启明信息,信息技术
002233.SZ,塔牌集团,材料
002234.SZ,民和股份,日常消费
002235.SZ,安妮股份,材料
002236.SZ,大华股份,信息技术
002237.SZ,恒邦股份,材料
002238.SZ,天威视讯,可选消费
002239.SZ,奥特佳,可选消费
002240.SZ,盛新锂能,材料
002241.SZ,歌尔股份,信息技术
002242.SZ,九阳股份,可选消费
002243.SZ,力合科创,材料
002244.SZ,滨江集团,房地产
002245.SZ,蔚蓝锂芯,工业
002246.SZ,北化股份,材料
002247.SZ,聚力文化,工业
002248.SZ,华东数控,工业
002249.SZ,大洋电机,工业
002250.SZ,联化科技,材料
002251.SZ,*ST步高,日常消费
002252.SZ,上海莱士,医疗保健
002253.SZ,川大智胜,信息技术
002254.SZ,泰和新材,材料
002255.SZ,海陆重工,工业
002256.SZ,兆新股份,公用事业
002258.SZ,利尔化学,材料
002259.SZ,ST升达,公用事业
002261.SZ,拓维信息,信息技术
002262.SZ,恩华药业,医疗保健
002263.SZ,大东南,材料
002264.SZ,新华都,信息技术
002265.SZ,建设工业,可选消费
002266.SZ,浙富控股,工业
002267.SZ,陕天然气,能源
002268.SZ,电科网安,信息技术
002269.SZ,美邦服饰,可选消费
002270.SZ,华明装备,工业
002271.SZ,东方雨虹,材料
002272.SZ,川润股份,工业
002273.SZ,水晶光电,信息技术
002274.SZ,华昌化工,材料
002275.SZ,桂林三金,医疗保健
002276.SZ,万马股份,工业
002277.SZ,友阿股份,可选消费
002278.SZ,神开股份,能源
002279.SZ,久其软件,信息技术
002280.SZ,联络互动,信息技术
002281.SZ,光迅科技,信息技术
002282.SZ,博深股份,工业
002283.SZ,天润工业,可选消费
002284.SZ,亚太股份,可选消费
002285.SZ,世联行,房地产
002286.SZ,保龄宝,日常消费
002287.SZ,奇正藏药,医疗保健
002288.SZ,超华科技,信息技术
002289.SZ,ST宇顺,信息技术
002290.SZ,禾盛新材,可选消费
002291.SZ,遥望科技,信息技术
002292.SZ,奥飞娱乐,可选消费
002293.SZ,罗莱生活,可选消费
002294.SZ,信立泰,医疗保健
002295.SZ,精艺股份,材料
002296.SZ,辉煌科技,信息技术
002297.SZ,博云新材,工业
002298.SZ,中电兴发,信息技术
002299.SZ,圣农发展,日常消费
002300.SZ,太阳电缆,工业
002301.SZ,齐心集团,工业
002302.SZ,西部建设,材料
002303.SZ,美盈森,材料
002304.SZ,洋河股份,日常消费
002305.SZ,南国置业,房地产
002306.SZ,中科云网,信息技术
002307.SZ,北新路桥,工业
002308.SZ,威创股份,信息技术
002309.SZ,ST中利,工业
002310.SZ,东方园林,工业
002311.SZ,海大集团,日常消费
002312.SZ,川发龙蟒,材料
002313.SZ,日海智能,信息技术
002314.SZ,南山控股,房地产
002315.SZ,焦点科技,信息技术
002316.SZ,亚联发展,信息技术
002317.SZ,众生药业,医疗保健
002318.SZ,久立特材,材料
002319.SZ,乐通股份,材料
002320.SZ,海峡股份,工业
002321.SZ,华英农业,日常消费
002322.SZ,理工能科,工业
002323.SZ,雅博股份,工业
002324.SZ,普利特,材料
002325.SZ,洪涛股份,工业
002326.SZ,永太科技,材料
002327.SZ,富安娜,可选消费
002328.SZ,新朋股份,可选消费
002329.SZ,皇氏集团,日常消费
002330.SZ,得利斯,日常消费
002331.SZ,皖通科技,信息技术
002332.SZ,仙琚制药,医疗保健
002333.SZ,罗普斯金,工业
002334.SZ,英威腾,工业
002335.SZ,科华数据,工业
002336.SZ,人人乐,日常消费
002337.SZ,赛象科技,工业
002338.SZ,奥普光电,工业
002339.SZ,积成电子,工业
002340.SZ,格林美,材料
002341.SZ,新纶新材,材料
002342.SZ,巨力索具,工业
002343.SZ,慈文传媒,可选消费
002344.SZ,海宁皮城,房地产
002345.SZ,潮宏基,可选消费
002346.SZ,柘中股份,工业
002347.SZ,泰尔股份,工业
002348.SZ,高乐股份,可选消费
002349.SZ,精华制药,医疗保健
002350.SZ,北京科锐,工业
002351.SZ,漫步者,可选消费
002352.SZ,顺丰控股,工业
002353.SZ,杰瑞股份,能源
002354.SZ,天娱数科,信息技术
002355.SZ,兴民智通,可选消费
002356.SZ,赫美集团,可选消费
002357.SZ,富临运业,工业
002358.SZ,森源电气,工业
002360.SZ,同德化工,材料
002361.SZ,神剑股份,材料
002362.SZ,汉王科技,信息技术
002363.SZ,隆基机械,可选消费
002364.SZ,中恒电气,工业
002365.SZ,永安药业,医疗保健
002366.SZ,融发核电,工业
002367.SZ,康力电梯,工业
002368.SZ,太极股份,信息技术
002369.SZ,卓翼科技,信息技术
002370.SZ,亚太药业,医疗保健
002371.SZ,北方华创,信息技术
002372.SZ,伟星新材,工业
002373.SZ,千方科技,信息技术
002374.SZ,中锐股份,材料
002375.SZ,亚厦股份,工业
002376.SZ,新北洋,信息技术
002377.SZ,国创高新,房地产
002378.SZ,章源钨业,材料
002379.SZ,宏创控股,材料
002380.SZ,科远智慧,工业
002381.SZ,双箭股份,材料
002382.SZ,蓝帆医疗,医疗保健
002383.SZ,合众思壮,工业
002384.SZ,东山精密,信息技术
002385.SZ,大北农,日常消费
002386.SZ,天原股份,工业
002387.SZ,维信诺,信息技术
002388.SZ,新亚制程,信息技术
002389.SZ,航天彩虹,工业
002390.SZ,信邦制药,医疗保健
002391.SZ,长青股份,材料
002392.SZ,北京利尔,材料
002393.SZ,力生制药,医疗保健
002394.SZ,联发股份,可选消费
002395.SZ,双象股份,材料
002396.SZ,星网锐捷,信息技术
002397.SZ,梦洁股份,可选消费
002398.SZ,垒知集团,材料
002399.SZ,海普瑞,医疗保健
002400.SZ,省广集团,可选消费
002401.SZ,中远海科,信息技术
002402.SZ,和而泰,信息技术
002403.SZ,爱仕达,可选消费
002404.SZ,嘉欣丝绸,可选消费
002405.SZ,四维图新,信息技术
002406.SZ,远东传动,可选消费
002407.SZ,多氟多,材料
002408.SZ,齐翔腾达,材料
002409.SZ,雅克科技,材料
002410.SZ,广联达,信息技术
002412.SZ,汉森制药,医疗保健
002413.SZ,雷科防务,工业
002414.SZ,高德红外,信息技术
002415.SZ,海康威视,信息技术
002416.SZ,爱施德,信息技术
002418.SZ,康盛股份,可选消费
002419.SZ,天虹股份,可选消费
002420.SZ,毅昌科技,可选消费
002421.SZ,达实智能,信息技术
002422.SZ,科伦药业,医疗保健
002423.SZ,中粮资本,金融
002424.SZ,贵州百灵,医疗保健
002425.SZ,凯撒文化,信息技术
002426.SZ,胜利精密,信息技术
002427.SZ,尤夫股份,材料
002428.SZ,云南锗业,材料
002429.SZ,兆驰股份,可选消费
002430.SZ,杭氧股份,工业
002431.SZ,棕榈股份,工业
002432.SZ,九安医疗,医疗保健
002433.SZ,*ST太安,医疗保健
002434.SZ,万里扬,可选消费
002435.SZ,长江健康,医疗保健
002436.SZ,兴森科技,信息技术
002437.SZ,誉衡药业,医疗保健
002438.SZ,江苏神通,工业
002439.SZ,启明星辰,信息技术
002440.SZ,闰土股份,材料
002441.SZ,众业达,工业
002442.SZ,龙星化工,材料
002443.SZ,金洲管道,材料
002444.SZ,巨星科技,可选消费
002445.SZ,中南文化,可选消费
002446.SZ,盛路通信,工业
002448.SZ,中原内配,可选消费
002449.SZ,国星光电,信息技术
002451.SZ,摩恩电气,工业
002452.SZ,长高电新,工业
002453.SZ,华软科技,信息技术
002454.SZ,松芝股份,可选消费
002455.SZ,百川股份,材料
002456.SZ,欧菲光,信息技术
002457.SZ,青龙管业,工业
002458.SZ,益生股份,日常消费
002459.SZ,晶澳科技,信息技术
002460.SZ,赣锋锂业,材料
002461.SZ,珠江啤酒,日常消费
002462.SZ,嘉事堂,医疗保健
002463.SZ,沪电股份,信息技术
002465.SZ,海格通信,信息技术
002466.SZ,天齐锂业,材料
002467.SZ,二六三,电信服务
002468.SZ,申通快递,工业
002469.SZ,三维化学,工业
002470.SZ,金正大,材料
002471.SZ,中超控股,工业
002472.SZ,双环传动,工业
002474.SZ,榕基软件,信息技术
002475.SZ,立讯精密,信息技术
002476.SZ,宝莫股份,材料
002478.SZ,常宝股份,材料
002479.SZ,富春环保,公用事业
002480.SZ,新筑股份,工业
002481.SZ,双塔食品,日常消费
002482.SZ,*ST广田,工业
002483.SZ,润邦股份,工业
002484.SZ,江海股份,信息技术
002485.SZ,ST雪发,工业
002486.SZ,嘉麟杰,可选消费
002487.SZ,大金重工,工业
002488.SZ,金固股份,可选消费
002489.SZ,浙江永强,可选消费
002490.SZ,山东墨龙,能源
002491.SZ,通鼎互联,信息技术
002492.SZ,恒基达鑫,工业
002493.SZ,荣盛石化,材料
002494.SZ,华斯股份,可选消费
002495.SZ,佳隆股份,日常消费
002496.SZ,辉丰股份,材料
002497.SZ,雅化集团,材料
002498.SZ,汉缆股份,工业
002500.SZ,山西证券,金融
002501.SZ,利源股份,材料
002502.SZ,ST鼎龙,信息技术
002505.SZ,鹏都农牧,日常消费
002506.SZ,协鑫集成,信息技术
002507.SZ,涪陵榨菜,日常消费
002508.SZ,老板电器,可选消费
002510.SZ,天汽模,可选消费
002511.SZ,中顺洁柔,日常消费
002512.SZ,达华智能,可选消费
002513.SZ,蓝丰生化,材料
002514.SZ,宝馨科技,工业
002515.SZ,金字火腿,日常消费
002516.SZ,旷达科技,可选消费
002517.SZ,恺英网络,信息技术
002518.SZ,科士达,工业
002519.SZ,银河电子,可选消费
002520.SZ,日发精机,工业
002521.SZ,齐峰新材,材料
002522.SZ,浙江众成,材料
002523.SZ,天桥起重,工业
002524.SZ,光正眼科,医疗保健
002526.SZ,山东矿机,工业
002527.SZ,新时达,工业
002528.SZ,英飞拓,信息技术
002529.SZ,海源复材,材料
002530.SZ,金财互联,信息技术
002531.SZ,天顺风能,工业
002532.SZ,天山铝业,材料
002533.SZ,金杯电工,工业
002534.SZ,西子洁能,工业
002535.SZ,林州重机,工业
002536.SZ,飞龙股份,可选消费
002537.SZ,海联金汇,可选消费
002538.SZ,司尔特,材料
002539.SZ,云图控股,材料
002540.SZ,亚太科技,材料
002541.SZ,鸿路钢构,工业
002542.SZ,中化岩土,工业
002543.SZ,万和电气,可选消费
002544.SZ,普天科技,信息技术
002545.SZ,东方铁塔,工业
002546.SZ,新联电子,工业
002547.SZ,春兴精工,可选消费
002548.SZ,金新农,日常消费
002549.SZ,凯美特气,材料
002550.SZ,千红制药,医疗保健
002551.SZ,尚荣医疗,医疗保健
002552.SZ,宝鼎科技,工业
002553.SZ,南方精工,可选消费
002554.SZ,惠博普,能源
002555.SZ,三七互娱,信息技术
002556.SZ,辉隆股份,材料
002557.SZ,洽洽食品,日常消费
002558.SZ,巨人网络,信息技术
002559.SZ,亚威股份,工业
002560.SZ,通达股份,工业
002561.SZ,徐家汇,可选消费
002562.SZ,兄弟科技,医疗保健
002563.SZ,森马服饰,可选消费
002564.SZ,*ST天沃,工业
002565.SZ,顺灏股份,材料
002566.SZ,益盛药业,医疗保健
002567.SZ,唐人神,日常消费
002568.SZ,百润股份,日常消费
002569.SZ,ST步森,可选消费
002570.SZ,贝因美,日常消费
002571.SZ,德力股份,可选消费
002572.SZ,索菲亚,可选消费
002573.SZ,清新环境,工业
002574.SZ,明牌珠宝,可选消费
002575.SZ,群兴玩具,可选消费
002576.SZ,通达动力,工业
002577.SZ,雷柏科技,信息技术
002578.SZ,闽发铝业,材料
002579.SZ,中京电子,信息技术
002580.SZ,圣阳股份,工业
002581.SZ,未名医药,医疗保健
002582.SZ,好想你,日常消费
002583.SZ,海能达,信息技术
002584.SZ,西陇科学,材料
002585.SZ,双星新材,材料
002586.SZ,*ST围海,工业
002587.SZ,奥拓电子,信息技术
002588.SZ,史丹利,材料
002589.SZ,瑞康医药,医疗保健
002590.SZ,万安科技,可选消费
002591.SZ,恒大高新,信息技术
002592.SZ,ST八菱,可选消费
002593.SZ,日上集团,工业
002594.SZ,比亚迪,可选消费
002595.SZ,豪迈科技,工业
002596.SZ,海南瑞泽,材料
002597.SZ,金禾实业,日常消费
002598.SZ,山东章鼓,工业
002599.SZ,盛通股份,工业
002600.SZ,领益智造,信息技术
002601.SZ,龙佰集团,材料
002602.SZ,世纪华通,信息技术
002603.SZ,以岭药业,医疗保健
002605.SZ,姚记科技,信息技术
002606.SZ,大连电瓷,工业
002607.SZ,中公教育,可选消费
002608.SZ,江苏国信,公用事业
002609.SZ,捷顺科技,信息技术
002610.SZ,爱康科技,信息技术
002611.SZ,东方精工,工业
002612.SZ,朗姿股份,可选消费
002613.SZ,北玻股份,工业
002614.SZ,奥佳华,医疗保健
002615.SZ,哈尔斯,可选消费
002616.SZ,长青集团,公用事业
002617.SZ,露笑科技,工业
002620.SZ,瑞和股份,工业
002621.SZ,美吉姆,可选消费
002622.SZ,皓宸医疗,医疗保健
002623.SZ,亚玛顿,工业
002624.SZ,完美世界,信息技术
002625.SZ,光启技术,工业
002626.SZ,金达威,医疗保健
002627.SZ,三峡旅游,工业
002628.SZ,成都路桥,工业
002629.SZ,仁智股份,能源
002630.SZ,华西能源,工业
002631.SZ,德尔未来,材料
002632.SZ,道明光学,材料
002633.SZ,申科股份,工业
002634.SZ,棒杰股份,可选消费
002635.SZ,安洁科技,信息技术
002636.SZ,金安国纪,信息技术
002637.SZ,赞宇科技,材料
002638.SZ,勤上股份,工业
002639.SZ,雪人股份,工业
002640.SZ,跨境通,可选消费
002641.SZ,公元股份,工业
002642.SZ,荣联科技,信息技术
002643.SZ,万润股份,材料
002644.SZ,佛慈制药,医疗保健
002645.SZ,华宏科技,工业
002646.SZ,天佑德酒,日常消费
002647.SZ,仁东控股,信息技术
002648.SZ,卫星化学,材料
002649.SZ,博彦科技,信息技术
002650.SZ,加加食品,日常消费
002651.SZ,利君股份,工业
002652.SZ,扬子新材,工业
002653.SZ,海思科,医疗保健
002654.SZ,万润科技,信息技术
002655.SZ,共达电声,信息技术
002656.SZ,ST摩登,可选消费
002657.SZ,中科金财,信息技术
002658.SZ,雪迪龙,信息技术
002659.SZ,凯文教育,可选消费
002660.SZ,茂硕电源,工业
002661.SZ,克明食品,日常消费
002662.SZ,京威股份,可选消费
002663.SZ,普邦股份,工业
002664.SZ,信质集团,可选消费
002665.SZ,首航高科,工业
002666.SZ,德联集团,材料
002667.SZ,威领股份,工业
002668.SZ,奥马电器,可选消费
002669.SZ,康达新材,材料
002670.SZ,国盛金控,金融
002671.SZ,龙泉股份,工业
002672.SZ,东江环保,工业
002673.SZ,西部证券,金融
002674.SZ,兴业科技,可选消费
002675.SZ,东诚药业,医疗保健
002676.SZ,顺威股份,可选消费
002677.SZ,浙江美大,可选消费
002678.SZ,珠江钢琴,可选消费
002679.SZ,福建金森,材料
002681.SZ,奋达科技,可选消费
002682.SZ,龙洲股份,工业
002683.SZ,广东宏大,材料
002685.SZ,华东重机,工业
002686.SZ,亿利达,工业
002687.SZ,乔治白,可选消费
002688.SZ,金河生物,医疗保健
002689.SZ,远大智能,工业
002690.SZ,美亚光电,工业
002691.SZ,冀凯股份,工业
002692.SZ,远程股份,工业
002693.SZ,双成药业,医疗保健
002694.SZ,顾地科技,工业
002695.SZ,煌上煌,日常消费
002696.SZ,百洋股份,日常消费
002697.SZ,红旗连锁,日常消费
002698.SZ,博实股份,工业
002699.SZ,*ST美盛,可选消费
002700.SZ,ST浩源,公用事业
002701.SZ,奥瑞金,材料
002702.SZ,海欣食品,日常消费
002703.SZ,浙江世宝,可选消费
002705.SZ,新宝股份,可选消费
002706.SZ,良信股份,工业
002707.SZ,众信旅游,可选消费
002708.SZ,光洋股份,可选消费
002709.SZ,天赐材料,材料
002712.SZ,思美传媒,可选消费
002713.SZ,东易日盛,工业
002714.SZ,牧原股份,日常消费
002715.SZ,登云股份,可选消费
002716.SZ,金贵银业,材料
002717.SZ,岭南股份,工业
002718.SZ,友邦吊顶,工业
002719.SZ,麦趣尔,日常消费
002721.SZ,*ST金一,可选消费
002722.SZ,物产金轮,工业
002723.SZ,小崧股份,可选消费
002724.SZ,海洋王,工业
002725.SZ,跃岭股份,可选消费
002726.SZ,龙大美食,日常消费
002727.SZ,一心堂,日常消费
002728.SZ,特一药业,医疗保健
002729.SZ,好利科技,工业
002730.SZ,电光科技,工业
002731.SZ,萃华珠宝,可选消费
002732.SZ,燕塘乳业,日常消费
002733.SZ,雄韬股份,工业
002734.SZ,利民股份,材料
002735.SZ,王子新材,材料
002736.SZ,国信证券,金融
002737.SZ,葵花药业,医疗保健
002738.SZ,中矿资源,材料
002739.SZ,万达电影,可选消费
002740.SZ,*ST爱迪,可选消费
002741.SZ,光华科技,材料
002742.SZ,ST三圣,材料
002743.SZ,富煌钢构,工业
002745.SZ,木林森,信息技术
002746.SZ,仙坛股份,日常消费
002747.SZ,埃斯顿,工业
002748.SZ,世龙实业,材料
002749.SZ,国光股份,材料
002750.SZ,龙津药业,医疗保健
002752.SZ,昇兴股份,材料
002753.SZ,永东股份,材料
002755.SZ,奥赛康,医疗保健
002756.SZ,永兴材料,材料
002757.SZ,南兴股份,工业
002758.SZ,浙农股份,材料
002759.SZ,天际股份,材料
002760.SZ,凤形股份,工业
002761.SZ,浙江建投,工业
002762.SZ,金发拉比,可选消费
002763.SZ,汇洁股份,可选消费
002765.SZ,蓝黛科技,信息技术
002766.SZ,索菱股份,可选消费
002767.SZ,先锋电子,工业
002768.SZ,国恩股份,材料
002769.SZ,普路通,工业
002771.SZ,真视通,信息技术
002772.SZ,众兴菌业,日常消费
002773.SZ,康弘药业,医疗保健
002774.SZ,快意电梯,工业
002775.SZ,文科园林,工业
002776.SZ,*ST柏龙,可选消费
002777.SZ,久远银海,信息技术
002778.SZ,中晟高科,能源
002779.SZ,中坚科技,工业
002780.SZ,三夫户外,可选消费
002782.SZ,可立克,信息技术
002783.SZ,凯龙股份,材料
002785.SZ,万里石,材料
002786.SZ,银宝山新,工业
002787.SZ,华源控股,材料
002788.SZ,鹭燕医药,医疗保健
002789.SZ,建艺集团,工业
002790.SZ,瑞尔特,工业
002791.SZ,坚朗五金,工业
002792.SZ,通宇通讯,信息技术
002793.SZ,罗欣药业,医疗保健
002795.SZ,永和智控,工业
002796.SZ,世嘉科技,信息技术
002797.SZ,第一创业,金融
002798.SZ,帝欧家居,工业
002799.SZ,环球印务,可选消费
002800.SZ,ST天顺,工业
002801.SZ,微光股份,工业
002802.SZ,洪汇新材,材料
002803.SZ,吉宏股份,信息技术
002805.SZ,丰元股份,材料
002806.SZ,华锋股份,可选消费
002807.SZ,江阴银行,金融
002808.SZ,ST恒久,信息技术
002809.SZ,红墙股份,材料
002810.SZ,山东赫达,材料
002811.SZ,郑中设计,工业
002812.SZ,恩捷股份,材料
002813.SZ,路畅科技,信息技术
002815.SZ,崇达技术,信息技术
002816.SZ,*ST和科,工业
002817.SZ,黄山胶囊,医疗保健
002818.SZ,富森美,房地产
002819.SZ,东方中科,信息技术
002820.SZ,桂发祥,日常消费
002821.SZ,凯莱英,医疗保健
002822.SZ,中装建设,工业
002823.SZ,凯中精密,工业
002824.SZ,和胜股份,材料
002825.SZ,纳尔股份,材料
002826.SZ,易明医药,医疗保健
002827.SZ,高争民爆,材料
002828.SZ,贝肯能源,能源
002829.SZ,星网宇达,工业
002830.SZ,名雕股份,工业
002831.SZ,裕同科技,材料
002832.SZ,比音勒芬,可选消费
002833.SZ,弘亚数控,工业
002835.SZ,同为股份,信息技术
002836.SZ,新宏泽,工业
002837.SZ,英维克,工业
002838.SZ,道恩股份,材料
002839.SZ,张家港行,金融
002840.SZ,华统股份,日常消费
002841.SZ,视源股份,信息技术
002842.SZ,翔鹭钨业,材料
002843.SZ,泰嘉股份,工业
002845.SZ,同兴达,信息技术
002846.SZ,英联股份,材料
002847.SZ,盐津铺子,日常消费
002848.SZ,高斯贝尔,可选消费
002849.SZ,威星智能,工业
002850.SZ,科达利,工业
002851.SZ,麦格米特,工业
002852.SZ,道道全,日常消费
002853.SZ,皮阿诺,可选消费
002855.SZ,捷荣技术,信息技术
002856.SZ,美芝股份,工业
002857.SZ,三晖电气,工业
002858.SZ,力盛体育,可选消费
002859.SZ,洁美科技,信息技术
002860.SZ,星帅尔,工业
002861.SZ,瀛通通讯,信息技术
002862.SZ,实丰文化,可选消费
002863.SZ,今飞凯达,可选消费
002864.SZ,盘龙药业,医疗保健
002865.SZ,钧达股份,信息技术
002866.SZ,传艺科技,信息技术
002867.SZ,周大生,可选消费
002868.SZ,绿康生化,医疗保健
002869.SZ,金溢科技,信息技术
002870.SZ,香山股份,可选消费
002871.SZ,伟隆股份,工业
002872.SZ,ST天圣,医疗保健
002873.SZ,新天药业,医疗保健
002875.SZ,安奈儿,可选消费
002876.SZ,三利谱,信息技术
002877.SZ,智能自控,工业
002878.SZ,元隆雅图,可选消费
002879.SZ,长缆科技,工业
002880.SZ,卫光生物,医疗保健
002881.SZ,美格智能,信息技术
002882.SZ,金龙羽,工业
002883.SZ,中设股份,工业
002884.SZ,凌霄泵业,工业
002885.SZ,京泉华,信息技术
002886.SZ,沃特股份,材料
002887.SZ,绿茵生态,工业
002888.SZ,惠威科技,可选消费
002889.SZ,东方嘉盛,工业
002890.SZ,弘宇股份,工业
002891.SZ,中宠股份,日常消费
002892.SZ,科力尔,工业
002893.SZ,京能热力,公用事业
002895.SZ,川恒股份,材料
002896.SZ,中大力德,工业
002897.SZ,意华股份,信息技术
002898.SZ,赛隆药业,医疗保健
002899.SZ,英派斯,可选消费
002900.SZ,哈三联,医疗保健
002901.SZ,大博医疗,医疗保健
002902.SZ,铭普光磁,信息技术
002903.SZ,宇环数控,工业
002905.SZ,金逸影视,可选消费
002906.SZ,华阳集团,可选消费
002907.SZ,华森制药,医疗保健
002908.SZ,德生科技,信息技术
002909.SZ,集泰股份,材料
002910.SZ,庄园牧场,日常消费
002911.SZ,佛燃能源,公用事业
002912.SZ,中新赛克,信息技术
002913.SZ,奥士康,信息技术
002915.SZ,中欣氟材,材料
002916.SZ,深南电路,信息技术
002917.SZ,金奥博,材料
002918.SZ,蒙娜丽莎,工业
002919.SZ,名臣健康,信息技术
002920.SZ,德赛西威,可选消费
002921.SZ,联诚精密,工业
002922.SZ,伊戈尔,工业
002923.SZ,润都股份,医疗保健
002925.SZ,盈趣科技,信息技术
002926.SZ,华西证券,金融
002927.SZ,泰永长征,工业
002928.SZ,华夏航空,工业
002929.SZ,润建股份,信息技术
002930.SZ,宏川智慧,工业
002931.SZ,锋龙股份,工业
002932.SZ,明德生物,医疗保健
002933.SZ,新兴装备,工业
002935.SZ,天奥电子,工业
002936.SZ,郑州银行,金融
002937.SZ,兴瑞科技,信息技术
002938.SZ,鹏鼎控股,信息技术
002939.SZ,长城证券,金融
002940.SZ,昂利康,医疗保健
002941.SZ,新疆交建,工业
002942.SZ,新农股份,材料
002943.SZ,宇晶股份,工业
002945.SZ,华林证券,金融
002946.SZ,新乳业,日常消费
002947.SZ,恒铭达,信息技术
002948.SZ,青岛银行,金融
002949.SZ,华阳国际,工业
002950.SZ,奥美医疗,医疗保健
002951.SZ,ST金时,工业
002952.SZ,亚世光电,信息技术
002953.SZ,日丰股份,工业
002955.SZ,鸿合科技,信息技术
002956.SZ,西麦食品,日常消费
002957.SZ,科瑞技术,工业
002958.SZ,青农商行,金融
002959.SZ,小熊电器,可选消费
002960.SZ,青鸟消防,信息技术
002961.SZ,瑞达期货,金融
002962.SZ,五方光电,信息技术
002963.SZ,豪尔赛,工业
002965.SZ,祥鑫科技,可选消费
002966.SZ,苏州银行,金融
002967.SZ,广电计量,工业
002968.SZ,新大正,房地产
002969.SZ,嘉美包装,材料
002970.SZ,锐明技术,信息技术
002971.SZ,和远气体,材料
002972.SZ,科安达,信息技术
002973.SZ,侨银股份,工业
002975.SZ,博杰股份,工业
002976.SZ,瑞玛精密,信息技术
002977.SZ,天箭科技,信息技术
002978.SZ,安宁股份,材料
002979.SZ,雷赛智能,工业
002980.SZ,华盛昌,工业
002981.SZ,朝阳科技,信息技术
002982.SZ,湘佳股份,日常消费
002983.SZ,芯瑞达,信息技术
002984.SZ,森麒麟,可选消费
002985.SZ,北摩高科,工业
002986.SZ,宇新股份,材料
002987.SZ,京北方,信息技术
002988.SZ,豪美新材,材料
002989.SZ,中天精装,工业
002990.SZ,盛视科技,信息技术
002991.SZ,甘源食品,日常消费
002992.SZ,宝明科技,信息技术
002993.SZ,奥海科技,信息技术
002995.SZ,天地在线,信息技术
002996.SZ,顺博合金,材料
002997.SZ,瑞鹄模具,可选消费
002998.SZ,优彩资源,材料
002999.SZ,天禾股份,材料
003000.SZ,劲仔食品,日常消费
003001.SZ,中岩大地,工业
003002.SZ,壶化股份,材料
003003.SZ,天元股份,工业
003004.SZ,声迅股份,信息技术
003005.SZ,竞业达,可选消费
003006.SZ,百亚股份,日常消费
003007.SZ,直真科技,信息技术
003008.SZ,开普检测,工业
003009.SZ,中天火箭,工业
003010.SZ,若羽臣,可选消费
003011.SZ,海象新材,材料
003012.SZ,东鹏控股,工业
003013.SZ,地铁设计,工业
003015.SZ,日久光电,信息技术
003016.SZ,欣贺股份,可选消费
003017.SZ,大洋生物,材料
003018.SZ,金富科技,材料
003019.SZ,宸展光电,信息技术
003020.SZ,立方制药,医疗保健
003021.SZ,兆威机电,工业
003022.SZ,联泓新科,材料
003023.SZ,彩虹集团,可选消费
003025.SZ,思进智能,工业
003026.SZ,中晶科技,信息技术
003027.SZ,同兴环保,工业
003028.SZ,振邦智能,信息技术
003029.SZ,吉大正元,信息技术
003030.SZ,祖名股份,日常消费
003031.SZ,中瓷电子,信息技术
003032.SZ,传智教育,可选消费
003033.SZ,征和工业,可选消费
003035.SZ,南网能源,公用事业
003036.SZ,泰坦股份,工业
003037.SZ,三和管桩,材料
003038.SZ,鑫铂股份,材料
003039.SZ,顺控发展,公用事业
003040.SZ,楚天龙,信息技术
003041.SZ,真爱美家,可选消费
003042.SZ,中农联合,材料
003043.SZ,华亚智能,工业
003816.SZ,中国广核,公用事业
300001.SZ,特锐德,工业
300002.SZ,神州泰岳,信息技术
300003.SZ,乐普医疗,医疗保健
300004.SZ,南风股份,工业
300005.SZ,探路者,可选消费
300006.SZ,莱美药业,医疗保健
300007.SZ,汉威科技,信息技术
300008.SZ,天海防务,工业
300009.SZ,安科生物,医疗保健
300010.SZ,*ST豆神,可选消费
300011.SZ,鼎汉技术,工业
300012.SZ,华测检测,工业
300013.SZ,新宁物流,工业
300014.SZ,亿纬锂能,工业
300015.SZ,爱尔眼科,医疗保健
300016.SZ,北陆药业,医疗保健
300017.SZ,网宿科技,信息技术
300018.SZ,中元股份,工业
300019.SZ,硅宝科技,材料
300020.SZ,银江技术,信息技术
300021.SZ,大禹节水,工业
300022.SZ,吉峰科技,可选消费
300024.SZ,机器人,工业
300025.SZ,华星创业,信息技术
300026.SZ,红日药业,医疗保健
300027.SZ,华谊兄弟,可选消费
300029.SZ,ST天龙,信息技术
300030.SZ,阳普医疗,医疗保健
300031.SZ,宝通科技,信息技术
300032.SZ,金龙机电,信息技术
300033.SZ,同花顺,金融
300034.SZ,钢研高纳,材料
300035.SZ,中科电气,材料
300036.SZ,超图软件,信息技术
300037.SZ,新宙邦,材料
300039.SZ,上海凯宝,医疗保健
300040.SZ,九洲集团,工业
300041.SZ,回天新材,材料
300042.SZ,朗科科技,信息技术
300043.SZ,星辉娱乐,可选消费
300044.SZ,赛为智能,信息技术
300045.SZ,华力创通,信息技术
300046.SZ,台基股份,信息技术
300047.SZ,天源迪科,信息技术
300048.SZ,合康新能,工业
300049.SZ,福瑞股份,医疗保健
300050.SZ,世纪鼎利,信息技术
300051.SZ,琏升科技,信息技术
300052.SZ,中青宝,信息技术
300053.SZ,航宇微,信息技术
300054.SZ,鼎龙股份,材料
300055.SZ,万邦达,工业
300056.SZ,中创环保,工业
300057.SZ,万顺新材,材料
300058.SZ,蓝色光标,可选消费
300059.SZ,东方财富,金融
300061.SZ,旗天科技,可选消费
300062.SZ,中能电气,工业
300063.SZ,天龙集团,可选消费
300065.SZ,海兰信,信息技术
300066.SZ,三川智慧,工业
300067.SZ,安诺其,材料
300068.SZ,南都电源,工业
300069.SZ,金利华电,工业
300070.SZ,碧水源,工业
300071.SZ,福石控股,可选消费
300072.SZ,海新能科,工业
300073.SZ,当升科技,材料
300074.SZ,华平股份,信息技术
300075.SZ,数字政通,信息技术
300076.SZ,GQY视讯,信息技术
300077.SZ,国民技术,信息技术
300078.SZ,思创医惠,信息技术
300079.SZ,数码视讯,信息技术
300080.SZ,易成新能,信息技术
300081.SZ,恒信东方,信息技术
300082.SZ,奥克股份,材料
300083.SZ,创世纪,工业
300084.SZ,海默科技,能源
300085.SZ,银之杰,信息技术
300086.SZ,康芝药业,医疗保健
300087.SZ,荃银高科,日常消费
300088.SZ,长信科技,信息技术
300091.SZ,金通灵,工业
300092.SZ,科新机电,工业
300093.SZ,金刚光伏,材料
300094.SZ,国联水产,日常消费
300095.SZ,华伍股份,工业
300096.SZ,易联众,信息技术
300097.SZ,智云股份,工业
300098.SZ,高新兴,信息技术
300099.SZ,尤洛卡,信息技术
300100.SZ,双林股份,可选消费
300101.SZ,振芯科技,工业
300102.SZ,乾照光电,信息技术
300103.SZ,达刚控股,工业
300105.SZ,龙源技术,工业
300106.SZ,西部牧业,日常消费
300107.SZ,建新股份,材料
300108.SZ,ST吉药,医疗保健
300109.SZ,新开源,材料
300110.SZ,华仁药业,医疗保健
300111.SZ,向日葵,医疗保健
300112.SZ,万讯自控,工业
300113.SZ,顺网科技,信息技术
300114.SZ,中航电测,信息技术
300115.SZ,长盈精密,信息技术
300116.SZ,保力新,工业
300117.SZ,嘉寓股份,工业
300118.SZ,东方日升,信息技术
300119.SZ,瑞普生物,医疗保健
300120.SZ,经纬辉开,信息技术
300121.SZ,阳谷华泰,材料
300122.SZ,智飞生物,医疗保健
300123.SZ,亚光科技,工业
300124.SZ,汇川技术,工业
300125.SZ,聆达股份,公用事业
300126.SZ,锐奇股份,工业
300127.SZ,银河磁体,材料
300128.SZ,锦富技术,信息技术
300129.SZ,泰胜风能,工业
300130.SZ,新国都,信息技术
300131.SZ,英唐智控,信息技术
300132.SZ,青松股份,材料
300133.SZ,华策影视,可选消费
300134.SZ,大富科技,信息技术
300135.SZ,宝利国际,材料
300136.SZ,信维通信,信息技术
300137.SZ,先河环保,信息技术
300138.SZ,晨光生物,日常消费
300139.SZ,晓程科技,信息技术
300140.SZ,节能环境,工业
300141.SZ,和顺电气,工业
300142.SZ,沃森生物,医疗保健
300143.SZ,盈康生命,医疗保健
300144.SZ,宋城演艺,可选消费
300145.SZ,中金环境,工业
300146.SZ,汤臣倍健,日常消费
300147.SZ,香雪制药,医疗保健
300148.SZ,天舟文化,可选消费
300149.SZ,睿智医药,医疗保健
300150.SZ,世纪瑞尔,信息技术
300151.SZ,昌红科技,工业
300152.SZ,新动力,工业
300153.SZ,科泰电源,工业
300154.SZ,瑞凌股份,工业
300155.SZ,安居宝,信息技术
300157.SZ,新锦动力,能源
300158.SZ,振东制药,医疗保健
300159.SZ,新研股份,工业
300160.SZ,秀强股份,可选消费
300161.SZ,华中数控,工业
300162.SZ,雷曼光电,信息技术
300163.SZ,先锋新材,材料
300164.SZ,通源石油,能源
300165.SZ,天瑞仪器,信息技术
300166.SZ,东方国信,信息技术
300167.SZ,ST迪威迅,信息技术
300168.SZ,万达信息,信息技术
300169.SZ,天晟新材,材料
300170.SZ,汉得信息,信息技术
300171.SZ,东富龙,工业
300172.SZ,中电环保,工业
300173.SZ,福能东方,工业
300174.SZ,元力股份,材料
300175.SZ,朗源股份,日常消费
300176.SZ,派生科技,可选消费
300177.SZ,中海达,工业
300179.SZ,四方达,材料
300180.SZ,华峰超纤,材料
300181.SZ,佐力药业,医疗保健
300182.SZ,捷成股份,信息技术
300183.SZ,东软载波,信息技术
300184.SZ,力源信息,信息技术
300185.SZ,通裕重工,工业
300187.SZ,永清环保,工业
300188.SZ,美亚柏科,信息技术
300189.SZ,神农科技,日常消费
300190.SZ,维尔利,工业
300191.SZ,潜能恒信,能源
300192.SZ,科德教育,可选消费
300193.SZ,佳士科技,工业
300194.SZ,福安药业,医疗保健
300195.SZ,长荣股份,工业
300196.SZ,长海股份,材料
300197.SZ,节能铁汉,工业
300198.SZ,纳川股份,工业
300199.SZ,翰宇药业,医疗保健
300200.SZ,高盟新材,材料
300201.SZ,海伦哲,工业
300203.SZ,聚光科技,信息技术
300204.SZ,舒泰神,医疗保健
300205.SZ,天喻信息,信息技术
300206.SZ,理邦仪器,医疗保健
300207.SZ,欣旺达,工业
300208.SZ,青岛中程,工业
300209.SZ,ST有棵树,信息技术
300210.SZ,森远股份,工业
300211.SZ,亿通科技,信息技术
300212.SZ,易华录,信息技术
300213.SZ,佳讯飞鸿,信息技术
300214.SZ,日科化学,材料
300215.SZ,电科院,工业
300217.SZ,东方电热,可选消费
300218.SZ,安利股份,材料
300219.SZ,鸿利智汇,信息技术
300220.SZ,ST金运,信息技术
300221.SZ,银禧科技,材料
300222.SZ,科大智能,工业
300223.SZ,北京君正,信息技术
300224.SZ,正海磁材,材料
300225.SZ,金力泰,材料
300226.SZ,上海钢联,信息技术
300227.SZ,光韵达,信息技术
300228.SZ,富瑞特装,工业
300229.SZ,拓尔思,信息技术
300230.SZ,永利股份,工业
300231.SZ,银信科技,信息技术
300232.SZ,洲明科技,信息技术
300233.SZ,金城医药,医疗保健
300234.SZ,开尔新材,工业
300235.SZ,方直科技,信息技术
300236.SZ,上海新阳,材料
300237.SZ,美晨生态,工业
300238.SZ,冠昊生物,医疗保健
300239.SZ,东宝生物,医疗保健
300240.SZ,飞力达,工业
300241.SZ,瑞丰光电,信息技术
300242.SZ,佳云科技,可选消费
300243.SZ,瑞丰高材,材料
300244.SZ,迪安诊断,医疗保健
300245.SZ,天玑科技,信息技术
300246.SZ,宝莱特,医疗保健
300247.SZ,融捷健康,可选消费
300248.SZ,新开普,信息技术
300249.SZ,依米康,工业
300250.SZ,初灵信息,信息技术
300251.SZ,光线传媒,可选消费
300252.SZ,金信诺,信息技术
300253.SZ,卫宁健康,信息技术
300254.SZ,仟源医药,医疗保健
300255.SZ,常山药业,医疗保健
300256.SZ,星星科技,信息技术
300257.SZ,开山股份,工业
300258.SZ,精锻科技,可选消费
300259.SZ,新天科技,工业
300260.SZ,新莱应材,工业
300261.SZ,雅本化学,材料
300262.SZ,巴安水务,工业
300263.SZ,隆华科技,工业
300264.SZ,佳创视讯,信息技术
300265.SZ,通光线缆,工业
300266.SZ,兴源环境,工业
300267.SZ,尔康制药,医疗保健
300268.SZ,*ST佳沃,日常消费
300269.SZ,联建光电,可选消费
300270.SZ,中威电子,信息技术
300271.SZ,华宇软件,信息技术
300272.SZ,开能健康,可选消费
300274.SZ,阳光电源,工业
300275.SZ,梅安森,信息技术
300276.SZ,三丰智能,工业
300277.SZ,海联讯,信息技术
300278.SZ,华昌达,工业
300279.SZ,和晶科技,信息技术
300280.SZ,紫天科技,可选消费
300281.SZ,金明精机,工业
300282.SZ,*ST三盛,可选消费
300283.SZ,温州宏丰,工业
300284.SZ,苏交科,工业
300285.SZ,国瓷材料,材料
300286.SZ,安科瑞,工业
300287.SZ,飞利信,信息技术
300288.SZ,朗玛信息,信息技术
300289.SZ,利德曼,医疗保健
300290.SZ,荣科科技,信息技术
300291.SZ,百纳千成,可选消费
300292.SZ,吴通控股,信息技术
300293.SZ,蓝英装备,工业
300294.SZ,博雅生物,医疗保健
300295.SZ,三六五网,信息技术
300296.SZ,利亚德,信息技术
300298.SZ,三诺生物,医疗保健
300299.SZ,富春股份,信息技术
300300.SZ,海峡创新,信息技术
300301.SZ,*ST长方,信息技术
300302.SZ,同有科技,信息技术
300303.SZ,聚飞光电,信息技术
300304.SZ,云意电气,可选消费
300305.SZ,裕兴股份,材料
300306.SZ,远方信息,信息技术
300307.SZ,慈星股份,工业
300308.SZ,中际旭创,信息技术
300310.SZ,宜通世纪,信息技术
300311.SZ,任子行,信息技术
300313.SZ,*ST天山,日常消费
300314.SZ,戴维医疗,医疗保健
300315.SZ,掌趣科技,信息技术
300316.SZ,晶盛机电,信息技术
300317.SZ,珈伟新能,公用事业
300318.SZ,博晖创新,医疗保健
300319.SZ,麦捷科技,信息技术
300320.SZ,海达股份,材料
300321.SZ,同大股份,材料
300322.SZ,硕贝德,信息技术
300323.SZ,华灿光电,信息技术
300324.SZ,旋极信息,信息技术
300326.SZ,凯利泰,医疗保健
300327.SZ,中颖电子,信息技术
300328.SZ,宜安科技,材料
300329.SZ,海伦钢琴,可选消费
300331.SZ,苏大维格,信息技术
300332.SZ,天壕能源,公用事业
300333.SZ,兆日科技,信息技术
300334.SZ,津膜科技,工业
300335.SZ,迪森股份,工业
300337.SZ,银邦股份,材料
300338.SZ,开元教育,可选消费
300339.SZ,润和软件,信息技术
300340.SZ,科恒股份,材料
300341.SZ,麦克奥迪,工业
300342.SZ,天银机电,工业
300343.SZ,联创股份,材料
300344.SZ,立方数科,信息技术
300345.SZ,华民股份,工业
300346.SZ,南大光电,信息技术
300347.SZ,泰格医药,医疗保健
300348.SZ,长亮科技,信息技术
300349.SZ,金卡智能,工业
300350.SZ,华鹏飞,工业
300351.SZ,永贵电器,信息技术
300352.SZ,北信源,信息技术
300353.SZ,东土科技,信息技术
300354.SZ,东华测试,信息技术
300355.SZ,蒙草生态,工业
300357.SZ,我武生物,医疗保健
300358.SZ,楚天科技,工业
300359.SZ,全通教育,可选消费
300360.SZ,炬华科技,工业
300363.SZ,博腾股份,医疗保健
300364.SZ,中文在线,可选消费
300365.SZ,恒华科技,信息技术
300366.SZ,创意信息,信息技术
300368.SZ,汇金股份,信息技术
300369.SZ,绿盟科技,信息技术
300370.SZ,安控科技,工业
300371.SZ,汇中股份,工业
300373.SZ,扬杰科技,信息技术
300374.SZ,中铁装配,工业
300375.SZ,鹏翎股份,可选消费
300376.SZ,易事特,工业
300377.SZ,赢时胜,信息技术
300378.SZ,鼎捷软件,信息技术
300379.SZ,东方通,信息技术
300380.SZ,安硕信息,信息技术
300381.SZ,溢多利,医疗保健
300382.SZ,斯莱克,工业
300383.SZ,光环新网,信息技术
300384.SZ,三联虹普,工业
300385.SZ,雪浪环境,工业
300386.SZ,飞天诚信,信息技术
300387.SZ,富邦股份,材料
300388.SZ,节能国祯,工业
300389.SZ,艾比森,信息技术
300390.SZ,天华新能,信息技术
300391.SZ,长药控股,医疗保健
300393.SZ,中来股份,信息技术
300394.SZ,天孚通信,信息技术
300395.SZ,菲利华,材料
300396.SZ,迪瑞医疗,医疗保健
300397.SZ,天和防务,工业
300398.SZ,飞凯材料,材料
300399.SZ,天利科技,信息技术
300400.SZ,劲拓股份,工业
300401.SZ,花园生物,医疗保健
300402.SZ,宝色股份,工业
300403.SZ,汉宇集团,可选消费
300404.SZ,博济医药,医疗保健
300405.SZ,科隆股份,材料
300406.SZ,九强生物,医疗保健
300407.SZ,凯发电气,工业
300408.SZ,三环集团,信息技术
300409.SZ,道氏技术,材料
300410.SZ,正业科技,信息技术
300411.SZ,金盾股份,工业
300412.SZ,迦南科技,工业
300413.SZ,芒果超媒,可选消费
300414.SZ,中光防雷,工业
300415.SZ,伊之密,工业
300416.SZ,苏试试验,工业
300417.SZ,南华仪器,信息技术
300418.SZ,昆仑万维,信息技术
300419.SZ,浩丰科技,信息技术
300420.SZ,五洋停车,工业
300421.SZ,力星股份,工业
300422.SZ,博世科,工业
300423.SZ,昇辉科技,工业
300424.SZ,航新科技,工业
300425.SZ,中建环能,工业
300426.SZ,唐德影视,可选消费
300427.SZ,*ST红相,工业
300428.SZ,立中集团,可选消费
300429.SZ,强力新材,材料
300430.SZ,诚益通,工业
300432.SZ,富临精工,可选消费
300433.SZ,蓝思科技,信息技术
300434.SZ,金石亚药,医疗保健
300435.SZ,中泰股份,工业
300436.SZ,广生堂,医疗保健
300437.SZ,清水源,材料
300438.SZ,鹏辉能源,工业
300439.SZ,美康生物,医疗保健
300440.SZ,运达科技,信息技术
300441.SZ,鲍斯股份,工业
300442.SZ,润泽科技,信息技术
300443.SZ,金雷股份,工业
300444.SZ,双杰电气,工业
300445.SZ,康斯特,工业
300446.SZ,航天智造,材料
300447.SZ,全信股份,工业
300448.SZ,浩云科技,信息技术
300449.SZ,汉邦高科,信息技术
300450.SZ,先导智能,工业
300451.SZ,创业慧康,信息技术
300452.SZ,山河药辅,医疗保健
300453.SZ,三鑫医疗,医疗保健
300454.SZ,深信服,信息技术
300455.SZ,航天智装,信息技术
300456.SZ,赛微电子,信息技术
300457.SZ,赢合科技,工业
300458.SZ,全志科技,信息技术
300459.SZ,汤姆猫,信息技术
300460.SZ,惠伦晶体,信息技术
300461.SZ,田中精机,工业
300462.SZ,华铭智能,信息技术
300463.SZ,迈克生物,医疗保健
300464.SZ,星徽股份,工业
300465.SZ,高伟达,信息技术
300466.SZ,赛摩智能,工业
300467.SZ,迅游科技,信息技术
300468.SZ,四方精创,信息技术
300469.SZ,信息发展,信息技术
300470.SZ,中密控股,工业
300471.SZ,厚普股份,工业
300472.SZ,新元科技,工业
300473.SZ,德尔股份,可选消费
300474.SZ,景嘉微,工业
300475.SZ,香农芯创,工业
300476.SZ,胜宏科技,信息技术
300477.SZ,合纵科技,工业
300478.SZ,杭州高新,材料
300479.SZ,神思电子,信息技术
300480.SZ,光力科技,工业
300481.SZ,濮阳惠成,材料
300482.SZ,万孚生物,医疗保健
300483.SZ,首华燃气,能源
300484.SZ,蓝海华腾,工业
300485.SZ,赛升药业,医疗保健
300486.SZ,东杰智能,工业
300487.SZ,蓝晓科技,材料
300488.SZ,恒锋工具,工业
300489.SZ,光智科技,材料
300490.SZ,华自科技,工业
300491.SZ,通合科技,工业
300492.SZ,华图山鼎,工业
300493.SZ,润欣科技,信息技术
300494.SZ,盛天网络,信息技术
300495.SZ,*ST美尚,工业
300496.SZ,中科创达,信息技术
300497.SZ,富祥药业,医疗保健
300498.SZ,温氏股份,日常消费
300499.SZ,高澜股份,工业
300500.SZ,启迪设计,工业
300501.SZ,海顺新材,材料
300502.SZ,新易盛,信息技术
300503.SZ,昊志机电,工业
300504.SZ,天邑股份,信息技术
300505.SZ,川金诺,材料
300506.SZ,名家汇,工业
300507.SZ,苏奥传感,可选消费
300508.SZ,维宏股份,工业
300509.SZ,新美星,工业
300510.SZ,金冠股份,工业
300511.SZ,雪榕生物,日常消费
300512.SZ,中亚股份,工业
300513.SZ,恒实科技,信息技术
300514.SZ,友讯达,信息技术
300515.SZ,三德科技,工业
300516.SZ,久之洋,信息技术
300517.SZ,海波重科,工业
300518.SZ,新迅达,信息技术
300519.SZ,新光药业,医疗保健
300520.SZ,科大国创,信息技术
300521.SZ,爱司凯,工业
300522.SZ,世名科技,材料
300523.SZ,辰安科技,信息技术
300525.SZ,博思软件,信息技术
300527.SZ,中船应急,工业
300528.SZ,幸福蓝海,可选消费
300529.SZ,健帆生物,医疗保健
300530.SZ,领湃科技,材料
300531.SZ,优博讯,信息技术
300532.SZ,今天国际,工业
300533.SZ,冰川网络,信息技术
300534.SZ,陇神戎发,医疗保健
300535.SZ,达威股份,材料
300536.SZ,农尚环境,工业
300537.SZ,广信材料,材料
300538.SZ,同益股份,工业
300539.SZ,横河精密,材料
300540.SZ,蜀道装备,工业
300541.SZ,先进数通,信息技术
300542.SZ,新晨科技,信息技术
300543.SZ,朗科智能,信息技术
300545.SZ,联得装备,工业
300546.SZ,雄帝科技,信息技术
300547.SZ,川环科技,可选消费
300548.SZ,博创科技,信息技术
300549.SZ,优德精密,工业
300550.SZ,和仁科技,信息技术
300551.SZ,古鳌科技,信息技术
300552.SZ,万集科技,信息技术
300553.SZ,集智股份,信息技术
300554.SZ,三超新材,工业
300555.SZ,ST路通,信息技术
300556.SZ,丝路视觉,信息技术
300557.SZ,理工光科,信息技术
300558.SZ,贝达药业,医疗保健
300559.SZ,佳发教育,信息技术
300560.SZ,中富通,信息技术
300561.SZ,汇金科技,信息技术
300562.SZ,乐心医疗,医疗保健
300563.SZ,神宇股份,信息技术
300564.SZ,筑博设计,工业
300565.SZ,科信技术,信息技术
300566.SZ,激智科技,信息技术
300567.SZ,精测电子,信息技术
300568.SZ,星源材质,材料
300569.SZ,天能重工,工业
300570.SZ,太辰光,信息技术
300571.SZ,平治信息,信息技术
300572.SZ,安车检测,信息技术
300573.SZ,兴齐眼药,医疗保健
300575.SZ,中旗股份,材料
300576.SZ,容大感光,材料
300577.SZ,开润股份,可选消费
300578.SZ,会畅通讯,电信服务
300579.SZ,数字认证,信息技术
300580.SZ,贝斯特,可选消费
300581.SZ,晨曦航空,工业
300582.SZ,英飞特,工业
300583.SZ,赛托生物,医疗保健
300584.SZ,海辰药业,医疗保健
300585.SZ,奥联电子,可选消费
300586.SZ,美联新材,材料
300587.SZ,天铁股份,材料
300588.SZ,熙菱信息,信息技术
300589.SZ,江龙船艇,工业
300590.SZ,移为通信,信息技术
300591.SZ,万里马,可选消费
300592.SZ,华凯易佰,工业
300593.SZ,新雷能,工业
300594.SZ,朗进科技,工业
300595.SZ,欧普康视,医疗保健
300596.SZ,利安隆,材料
300597.SZ,吉大通信,信息技术
300598.SZ,诚迈科技,信息技术
300599.SZ,雄塑科技,工业
300600.SZ,国瑞科技,工业
300601.SZ,康泰生物,医疗保健
300602.SZ,飞荣达,信息技术
300603.SZ,立昂技术,信息技术
300604.SZ,长川科技,工业
300605.SZ,恒锋信息,信息技术
300606.SZ,金太阳,工业
300607.SZ,拓斯达,工业
300608.SZ,思特奇,信息技术
300609.SZ,汇纳科技,信息技术
300610.SZ,晨化股份,材料
300611.SZ,美力科技,可选消费
300612.SZ,宣亚国际,可选消费
300613.SZ,富瀚微,信息技术
300614.SZ,百川畅银,工业
300615.SZ,欣天科技,信息技术
300616.SZ,尚品宅配,可选消费
300617.SZ,安靠智电,工业
300618.SZ,寒锐钴业,材料
300619.SZ,金银河,工业
300620.SZ,光库科技,信息技术
300621.SZ,维业股份,工业
300622.SZ,博士眼镜,可选消费
300623.SZ,捷捷微电,信息技术
300624.SZ,万兴科技,信息技术
300625.SZ,三雄极光,可选消费
300626.SZ,华瑞股份,工业
300627.SZ,华测导航,信息技术
300628.SZ,亿联网络,信息技术
300629.SZ,新劲刚,信息技术
300630.SZ,普利制药,医疗保健
300631.SZ,久吾高科,工业
300632.SZ,光莆股份,信息技术
300633.SZ,开立医疗,医疗保健
300634.SZ,彩讯股份,信息技术
300635.SZ,中达安,工业
300636.SZ,同和药业,医疗保健
300637.SZ,扬帆新材,材料
300638.SZ,广和通,信息技术
300639.SZ,凯普生物,医疗保健
300640.SZ,德艺文创,可选消费
300641.SZ,正丹股份,材料
300642.SZ,透景生命,医疗保健
300643.SZ,万通智控,可选消费
300644.SZ,南京聚隆,材料
300645.SZ,正元智慧,信息技术
300647.SZ,超频三,信息技术
300648.SZ,星云股份,信息技术
300649.SZ,杭州园林,工业
300650.SZ,太龙股份,可选消费
300651.SZ,金陵体育,可选消费
300652.SZ,雷迪克,可选消费
300653.SZ,正海生物,医疗保健
300654.SZ,世纪天鸿,可选消费
300655.SZ,晶瑞电材,材料
300656.SZ,民德电子,信息技术
300657.SZ,弘信电子,信息技术
300658.SZ,延江股份,可选消费
300659.SZ,中孚信息,信息技术
300660.SZ,江苏雷利,工业
300661.SZ,圣邦股份,信息技术
300662.SZ,科锐国际,工业
300663.SZ,科蓝软件,信息技术
300664.SZ,鹏鹞环保,工业
300665.SZ,飞鹿股份,材料
300666.SZ,江丰电子,信息技术
300667.SZ,必创科技,信息技术
300668.SZ,杰恩设计,工业
300669.SZ,沪宁股份,工业
300670.SZ,大烨智能,工业
300671.SZ,富满微,信息技术
300672.SZ,国科微,信息技术
300673.SZ,佩蒂股份,日常消费
300674.SZ,宇信科技,信息技术
300675.SZ,建科院,工业
300676.SZ,华大基因,医疗保健
300677.SZ,英科医疗,医疗保健
300678.SZ,中科信息,信息技术
300679.SZ,电连技术,信息技术
300680.SZ,隆盛科技,可选消费
300681.SZ,英搏尔,工业
300682.SZ,朗新科技,信息技术
300683.SZ,海特生物,医疗保健
300684.SZ,中石科技,信息技术
300685.SZ,艾德生物,医疗保健
300686.SZ,智动力,信息技术
300687.SZ,赛意信息,信息技术
300688.SZ,创业黑马,工业
300689.SZ,澄天伟业,信息技术
300690.SZ,双一科技,工业
300691.SZ,联合光电,信息技术
300692.SZ,中环环保,工业
300693.SZ,盛弘股份,工业
300694.SZ,蠡湖股份,可选消费
300695.SZ,兆丰股份,可选消费
300696.SZ,爱乐达,工业
300697.SZ,电工合金,材料
300698.SZ,万马科技,信息技术
300699.SZ,光威复材,材料
300700.SZ,岱勒新材,工业
300701.SZ,森霸传感,信息技术
300702.SZ,天宇股份,医疗保健
300703.SZ,创源股份,可选消费
300705.SZ,九典制药,医疗保健
300706.SZ,阿石创,信息技术
300707.SZ,威唐工业,可选消费
300708.SZ,聚灿光电,信息技术
300709.SZ,精研科技,信息技术
300710.SZ,万隆光电,信息技术
300711.SZ,广哈通信,信息技术
300712.SZ,永福股份,工业
300713.SZ,英可瑞,工业
300715.SZ,凯伦股份,材料
300716.SZ,泉为科技,材料
300717.SZ,华信新材,材料
300718.SZ,长盛轴承,工业
300719.SZ,安达维尔,工业
300720.SZ,海川智能,工业
300721.SZ,怡达股份,材料
300722.SZ,新余国科,工业
300723.SZ,一品红,医疗保健
300724.SZ,捷佳伟创,信息技术
300725.SZ,药石科技,医疗保健
300726.SZ,宏达电子,信息技术
300727.SZ,润禾材料,材料
300729.SZ,乐歌股份,可选消费
300730.SZ,科创信息,信息技术
300731.SZ,科创新源,材料
300732.SZ,设研院,工业
300733.SZ,西菱动力,可选消费
300735.SZ,光弘科技,信息技术
300736.SZ,百邦科技,可选消费
300737.SZ,科顺股份,材料
300738.SZ,奥飞数据,信息技术
300739.SZ,明阳电路,信息技术
300740.SZ,水羊股份,日常消费
300741.SZ,华宝股份,日常消费
300742.SZ,*ST越博,可选消费
300743.SZ,天地数码,信息技术
300745.SZ,欣锐科技,可选消费
300746.SZ,汉嘉设计,工业
300747.SZ,锐科激光,信息技术
300748.SZ,金力永磁,材料
300749.SZ,顶固集创,可选消费
300750.SZ,宁德时代,工业
300751.SZ,迈为股份,工业
300752.SZ,隆利科技,信息技术
300753.SZ,爱朋医疗,医疗保健
300755.SZ,华致酒行,日常消费
300756.SZ,金马游乐,可选消费
300757.SZ,罗博特科,工业
300758.SZ,七彩化学,材料
300759.SZ,康龙化成,医疗保健
300760.SZ,迈瑞医疗,医疗保健
300761.SZ,立华股份,日常消费
300762.SZ,上海瀚讯,信息技术
300763.SZ,锦浪科技,工业
300765.SZ,新诺威,医疗保健
300766.SZ,每日互动,信息技术
300767.SZ,震安科技,工业
300768.SZ,迪普科技,信息技术
300769.SZ,德方纳米,材料
300770.SZ,新媒股份,可选消费
300771.SZ,智莱科技,信息技术
300772.SZ,运达股份,工业
300773.SZ,拉卡拉,信息技术
300774.SZ,倍杰特,工业
300775.SZ,三角防务,工业
300776.SZ,帝尔激光,信息技术
300777.SZ,中简科技,材料
300778.SZ,新城市,工业
300779.SZ,惠城环保,材料
300780.SZ,德恩精工,工业
300781.SZ,因赛集团,可选消费
300782.SZ,卓胜微,信息技术
300783.SZ,三只松鼠,日常消费
300785.SZ,值得买,信息技术
300786.SZ,国林科技,工业
300787.SZ,海能实业,信息技术
300788.SZ,中信出版,可选消费
300789.SZ,唐源电气,信息技术
300790.SZ,宇瞳光学,信息技术
300791.SZ,仙乐健康,医疗保健
300792.SZ,壹网壹创,信息技术
300793.SZ,佳禾智能,信息技术
300795.SZ,米奥会展,工业
300796.SZ,贝斯美,材料
300797.SZ,钢研纳克,信息技术
300798.SZ,锦鸡股份,材料
300799.SZ,*ST左江,信息技术
300800.SZ,力合科技,信息技术
300801.SZ,泰和科技,材料
300802.SZ,矩子科技,信息技术
300803.SZ,指南针,金融
300804.SZ,广康生化,材料
300805.SZ,电声股份,可选消费
300806.SZ,斯迪克,材料
300807.SZ,天迈科技,信息技术
300808.SZ,久量股份,工业
300809.SZ,华辰装备,工业
300810.SZ,中科海讯,信息技术
300811.SZ,铂科新材,信息技术
300812.SZ,易天股份,工业
300813.SZ,泰林生物,医疗保健
300814.SZ,中富电路,信息技术
300815.SZ,玉禾田,工业
300816.SZ,艾可蓝,可选消费
300817.SZ,双飞集团,工业
300818.SZ,耐普矿机,工业
300819.SZ,聚杰微纤,可选消费
300820.SZ,英杰电气,工业
300821.SZ,东岳硅材,材料
300822.SZ,贝仕达克,信息技术
300823.SZ,建科机械,工业
300824.SZ,北鼎股份,可选消费
300825.SZ,阿尔特,工业
300826.SZ,测绘股份,工业
300827.SZ,上能电气,工业
300828.SZ,锐新科技,工业
300829.SZ,金丹科技,日常消费
300830.SZ,金现代,信息技术
300831.SZ,派瑞股份,信息技术
300832.SZ,新产业,医疗保健
300833.SZ,浩洋股份,工业
300834.SZ,星辉环材,材料
300835.SZ,龙磁科技,信息技术
300836.SZ,佰奥智能,工业
300837.SZ,浙矿股份,工业
300838.SZ,浙江力诺,工业
300839.SZ,博汇股份,能源
300840.SZ,酷特智能,可选消费
300841.SZ,康华生物,医疗保健
300842.SZ,帝科股份,信息技术
300843.SZ,胜蓝股份,信息技术
300844.SZ,山水比德,工业
300845.SZ,捷安高科,信息技术
300846.SZ,首都在线,信息技术
300847.SZ,中船汉光,信息技术
300848.SZ,美瑞新材,材料
300849.SZ,锦盛新材,材料
300850.SZ,新强联,工业
300851.SZ,交大思诺,信息技术
300852.SZ,四会富仕,信息技术
300853.SZ,申昊科技,工业
300854.SZ,中兰环保,工业
300855.SZ,图南股份,材料
300856.SZ,科思股份,材料
300857.SZ,协创数据,信息技术
300858.SZ,科拓生物,日常消费
300859.SZ,*ST西域,可选消费
300860.SZ,锋尚文化,可选消费
300861.SZ,美畅股份,材料
300862.SZ,蓝盾光电,信息技术
300863.SZ,卡倍亿,工业
300864.SZ,南大环境,工业
300865.SZ,大宏立,工业
300866.SZ,安克创新,信息技术
300867.SZ,圣元环保,公用事业
300868.SZ,杰美特,可选消费
300869.SZ,康泰医学,医疗保健
300870.SZ,欧陆通,信息技术
300871.SZ,回盛生物,医疗保健
300872.SZ,天阳科技,信息技术
300873.SZ,海晨股份,工业
300875.SZ,捷强装备,工业
300876.SZ,蒙泰高新,材料
300877.SZ,金春股份,可选消费
300878.SZ,维康药业,医疗保健
300879.SZ,大叶股份,工业
300880.SZ,迦南智能,工业
300881.SZ,盛德鑫泰,材料
300882.SZ,万胜智能,信息技术
300883.SZ,龙利得,材料
300884.SZ,狄耐克,信息技术
300885.SZ,海昌新材,工业
300886.SZ,华业香料,材料
300887.SZ,谱尼测试,工业
300888.SZ,稳健医疗,可选消费
300889.SZ,爱克股份,可选消费
300890.SZ,翔丰华,工业
300891.SZ,惠云钛业,材料
300892.SZ,品渥食品,可选消费
300893.SZ,松原股份,可选消费
300894.SZ,火星人,可选消费
300895.SZ,铜牛信息,信息技术
300896.SZ,爱美客,医疗保健
300897.SZ,山科智能,信息技术
300898.SZ,熊猫乳品,日常消费
300899.SZ,上海凯鑫,工业
300900.SZ,广联航空,工业
300901.SZ,中胤时尚,工业
300902.SZ,国安达,工业
300903.SZ,科翔股份,信息技术
300904.SZ,威力传动,工业
300905.SZ,宝丽迪,材料
300906.SZ,日月明,信息技术
300907.SZ,康平科技,工业
300908.SZ,仲景食品,日常消费
300909.SZ,汇创达,信息技术
300910.SZ,瑞丰新材,材料
300911.SZ,亿田智能,可选消费
300912.SZ,凯龙高科,可选消费
300913.SZ,兆龙互连,信息技术
300915.SZ,海融科技,日常消费
300916.SZ,朗特智能,信息技术
300917.SZ,特发服务,房地产
300918.SZ,南山智尚,可选消费
300919.SZ,中伟股份,材料
300920.SZ,润阳科技,材料
300921.SZ,南凌科技,电信服务
300922.SZ,天秦装备,工业
300923.SZ,研奥股份,工业
300925.SZ,法本信息,信息技术
300926.SZ,博俊科技,可选消费
300927.SZ,江天化学,材料
300928.SZ,华安鑫创,信息技术
300929.SZ,华骐环保,公用事业
300930.SZ,屹通新材,工业
300931.SZ,通用电梯,工业
300932.SZ,三友联众,信息技术
300933.SZ,中辰股份,工业
300935.SZ,盈建科,信息技术
300936.SZ,中英科技,信息技术
300937.SZ,药易购,日常消费
300938.SZ,信测标准,工业
300939.SZ,秋田微,信息技术
300940.SZ,南极光,信息技术
300941.SZ,创识科技,信息技术
300942.SZ,易瑞生物,医疗保健
300943.SZ,春晖智控,工业
300945.SZ,曼卡龙,可选消费
300946.SZ,恒而达,工业
300947.SZ,德必集团,工业
300948.SZ,冠中生态,工业
300949.SZ,奥雅股份,工业
300950.SZ,德固特,工业
300951.SZ,博硕科技,信息技术
300952.SZ,恒辉安防,可选消费
300953.SZ,震裕科技,工业
300955.SZ,嘉亨家化,日常消费
300956.SZ,英力股份,信息技术
300957.SZ,贝泰妮,日常消费
300958.SZ,建工修复,工业
300959.SZ,线上线下,电信服务
300960.SZ,通业科技,工业
300961.SZ,深水海纳,工业
300962.SZ,中金辐照,医疗保健
300963.SZ,中洲特材,材料
300964.SZ,本川智能,信息技术
300965.SZ,恒宇信通,工业
300966.SZ,共同药业,医疗保健
300967.SZ,晓鸣股份,日常消费
300968.SZ,格林精密,信息技术
300969.SZ,恒帅股份,可选消费
300970.SZ,华绿生物,日常消费
300971.SZ,博亚精工,工业
300972.SZ,万辰集团,日常消费
300973.SZ,立高食品,日常消费
300975.SZ,商络电子,信息技术
300976.SZ,达瑞电子,信息技术
300977.SZ,深圳瑞捷,工业
300978.SZ,东箭科技,可选消费
300979.SZ,华利集团,可选消费
300980.SZ,祥源新材,材料
300981.SZ,中红医疗,医疗保健
300982.SZ,苏文电能,工业
300983.SZ,尤安设计,工业
300984.SZ,金沃股份,工业
300985.SZ,致远新能,工业
300986.SZ,志特新材,材料
300987.SZ,川网传媒,信息技术
300988.SZ,津荣天宇,可选消费
300989.SZ,蕾奥规划,工业
300990.SZ,同飞股份,工业
300991.SZ,创益通,信息技术
300992.SZ,泰福泵业,工业
300993.SZ,玉马遮阳,材料
300994.SZ,久祺股份,可选消费
300995.SZ,奇德新材,材料
300996.SZ,普联软件,信息技术
300997.SZ,欢乐家,日常消费
300998.SZ,宁波方正,可选消费
300999.SZ,金龙鱼,日常消费
301000.SZ,肇民科技,可选消费
301001.SZ,凯淳股份,信息技术
301002.SZ,崧盛股份,工业
301003.SZ,江苏博云,材料
301004.SZ,嘉益股份,可选消费
301005.SZ,超捷股份,可选消费
301006.SZ,迈拓股份,工业
301007.SZ,德迈仕,可选消费
301008.SZ,宏昌科技,工业
301009.SZ,可靠股份,日常消费
301010.SZ,晶雪节能,材料
301011.SZ,华立科技,可选消费
301012.SZ,扬电科技,工业
301013.SZ,利和兴,工业
301015.SZ,百洋医药,医疗保健
301016.SZ,雷尔伟,工业
301017.SZ,漱玉平民,日常消费
301018.SZ,申菱环境,工业
301019.SZ,宁波色母,材料
301020.SZ,密封科技,可选消费
301021.SZ,英诺激光,信息技术
301022.SZ,海泰科,工业
301023.SZ,江南奕帆,工业
301024.SZ,霍普股份,工业
301025.SZ,读客文化,可选消费
301026.SZ,浩通科技,材料
301027.SZ,华蓝集团,工业
301028.SZ,东亚机械,工业
301029.SZ,怡合达,信息技术
301030.SZ,仕净科技,工业
301031.SZ,中熔电气,信息技术
301032.SZ,新柴股份,工业
301033.SZ,迈普医学,医疗保健
301035.SZ,润丰股份,材料
301036.SZ,双乐股份,材料
301037.SZ,保立佳,材料
301038.SZ,深水规院,工业
301039.SZ,中集车辆,工业
301040.SZ,中环海陆,工业
301041.SZ,金百泽,信息技术
301042.SZ,安联锐视,信息技术
301043.SZ,绿岛风,工业
301045.SZ,天禄科技,信息技术
301046.SZ,能辉科技,工业
301047.SZ,义翘神州,医疗保健
301048.SZ,金鹰重工,工业
301049.SZ,超越科技,工业
301050.SZ,雷电微力,工业
301051.SZ,信濠光电,信息技术
301052.SZ,果麦文化,可选消费
301053.SZ,远信工业,工业
301055.SZ,张小泉,可选消费
301056.SZ,森赫股份,工业
301057.SZ,汇隆新材,材料
301058.SZ,中粮科工,工业
301059.SZ,金三江,材料
301060.SZ,兰卫医学,医疗保健
301061.SZ,匠心家居,可选消费
301062.SZ,上海艾录,材料
301063.SZ,海锅股份,工业
301065.SZ,本立科技,材料
301066.SZ,万事利,可选消费
301067.SZ,显盈科技,信息技术
301068.SZ,大地海洋,工业
301069.SZ,凯盛新材,材料
301070.SZ,开勒股份,工业
301071.SZ,力量钻石,材料
301072.SZ,中捷精工,可选消费
301073.SZ,君亭酒店,可选消费
301075.SZ,多瑞医药,医疗保健
301076.SZ,新瀚新材,材料
301077.SZ,星华新材,材料
301078.SZ,孩子王,日常消费
301079.SZ,邵阳液压,工业
301080.SZ,百普赛斯,医疗保健
301081.SZ,严牌股份,工业
301082.SZ,久盛电气,工业
301083.SZ,百胜智能,信息技术
301085.SZ,亚康股份,信息技术
301086.SZ,鸿富瀚,信息技术
301087.SZ,可孚医疗,医疗保健
301088.SZ,戎美股份,可选消费
301089.SZ,拓新药业,医疗保健
301090.SZ,华润材料,材料
301091.SZ,深城交,工业
301092.SZ,争光股份,材料
301093.SZ,华兰股份,医疗保健
301095.SZ,广立微,信息技术
301096.SZ,百诚医药,医疗保健
301097.SZ,天益医疗,医疗保健
301098.SZ,金埔园林,工业
301099.SZ,雅创电子,信息技术
301100.SZ,风光股份,材料
301101.SZ,明月镜片,可选消费
301102.SZ,兆讯传媒,可选消费
301103.SZ,何氏眼科,医疗保健
301105.SZ,鸿铭股份,工业
301106.SZ,骏成科技,信息技术
301107.SZ,瑜欣电子,工业
301108.SZ,洁雅股份,日常消费
301109.SZ,军信股份,工业
301110.SZ,青木股份,信息技术
301111.SZ,粤万年青,医疗保健
301112.SZ,信邦智能,工业
301113.SZ,雅艺科技,可选消费
301115.SZ,建科股份,工业
301116.SZ,益客食品,日常消费
301117.SZ,佳缘科技,信息技术
301118.SZ,恒光股份,材料
301119.SZ,正强股份,可选消费
301120.SZ,新特电气,工业
301121.SZ,紫建电子,工业
301122.SZ,采纳股份,医疗保健
301123.SZ,奕东电子,信息技术
301125.SZ,腾亚精工,工业
301126.SZ,达嘉维康,医疗保健
301127.SZ,天源环保,工业
301128.SZ,强瑞技术,工业
301129.SZ,瑞纳智能,工业
301130.SZ,西点药业,医疗保健
301131.SZ,聚赛龙,材料
301132.SZ,满坤科技,信息技术
301133.SZ,金钟股份,可选消费
301135.SZ,瑞德智能,信息技术
301136.SZ,招标股份,工业
301137.SZ,哈焊华通,材料
301138.SZ,华研精机,工业
301139.SZ,元道通信,信息技术
301141.SZ,中科磁业,材料
301148.SZ,嘉戎技术,工业
301149.SZ,隆华新材,材料
301150.SZ,中一科技,材料
301151.SZ,冠龙节能,工业
301152.SZ,天力锂能,材料
301153.SZ,中科江南,信息技术
301155.SZ,海力风电,工业
301156.SZ,美农生物,日常消费
301157.SZ,华塑科技,工业
301158.SZ,德石股份,能源
301159.SZ,三维天地,信息技术
301160.SZ,翔楼新材,可选消费
301161.SZ,唯万密封,工业
301162.SZ,国能日新,信息技术
301163.SZ,宏德股份,工业
301165.SZ,锐捷网络,信息技术
301166.SZ,优宁维,医疗保健
301167.SZ,建研设计,工业
301168.SZ,通灵股份,工业
301169.SZ,零点有数,工业
301170.SZ,锡南科技,可选消费
301171.SZ,易点天下,可选消费
301172.SZ,君逸数码,信息技术
301175.SZ,中科环保,工业
301176.SZ,逸豪新材,信息技术
301177.SZ,迪阿股份,可选消费
301178.SZ,天亿马,信息技术
301179.SZ,泽宇智能,工业
301180.SZ,万祥科技,信息技术
301181.SZ,标榜股份,可选消费
301182.SZ,凯旺科技,信息技术
301183.SZ,东田微,信息技术
301185.SZ,鸥玛软件,可选消费
301186.SZ,超达装备,可选消费
301187.SZ,欧圣电气,工业
301188.SZ,力诺特玻,材料
301189.SZ,奥尼电子,可选消费
301190.SZ,善水科技,材料
301191.SZ,菲菱科思,信息技术
301192.SZ,泰祥股份,可选消费
301193.SZ,家联科技,可选消费
301195.SZ,北路智控,信息技术
301196.SZ,唯科科技,工业
301197.SZ,工大科雅,工业
301198.SZ,喜悦智行,材料
301199.SZ,迈赫股份,工业
301200.SZ,大族数控,信息技术
301201.SZ,诚达药业,医疗保健
301202.SZ,朗威股份,信息技术
301203.SZ,国泰环保,工业
301205.SZ,联特科技,信息技术
301206.SZ,三元生物,日常消费
301207.SZ,华兰疫苗,医疗保健
301208.SZ,中亦科技,信息技术
301209.SZ,联合化学,材料
301210.SZ,金杨股份,工业
301211.SZ,亨迪药业,医疗保健
301212.SZ,联盛化学,材料
301213.SZ,观想科技,信息技术
301215.SZ,中汽股份,工业
301216.SZ,万凯新材,材料
301217.SZ,铜冠铜箔,信息技术
301218.SZ,华是科技,信息技术
301219.SZ,腾远钴业,材料
301220.SZ,亚香股份,材料
301221.SZ,光庭信息,信息技术
301222.SZ,浙江恒威,工业
301223.SZ,中荣股份,材料
301225.SZ,恒勃股份,可选消费
301226.SZ,祥明智能,工业
301227.SZ,森鹰窗业,可选消费
301228.SZ,实朴检测,工业
301229.SZ,纽泰格,可选消费
301230.SZ,泓博医药,医疗保健
301231.SZ,荣信文化,可选消费
301232.SZ,飞沃科技,工业
301233.SZ,盛帮股份,可选消费
301234.SZ,五洲医疗,医疗保健
301235.SZ,华康医疗,医疗保健
301236.SZ,软通动力,信息技术
301237.SZ,和顺科技,材料
301238.SZ,瑞泰新材,材料
301239.SZ,普瑞眼科,医疗保健
301246.SZ,宏源药业,医疗保健
301248.SZ,杰创智能,信息技术
301251.SZ,威尔高,信息技术
301252.SZ,同星科技,工业
301255.SZ,通力科技,工业
301256.SZ,华融化学,材料
301257.SZ,普蕊斯,医疗保健
301258.SZ,富士莱,医疗保健
301259.SZ,艾布鲁,工业
301260.SZ,格力博,工业
301261.SZ,恒工精密,工业
301262.SZ,海看股份,可选消费
301263.SZ,泰恩康,医疗保健
301265.SZ,华新环保,工业
301266.SZ,宇邦新材,信息技术
301267.SZ,华厦眼科,医疗保健
301268.SZ,铭利达,信息技术
301269.SZ,华大九天,信息技术
301270.SZ,汉仪股份,信息技术
301272.SZ,英华特,工业
301273.SZ,瑞晨环保,工业
301276.SZ,嘉曼服饰,可选消费
301277.SZ,新天地,医疗保健
301278.SZ,快可电子,信息技术
301279.SZ,金道科技,可选消费
301280.SZ,珠城科技,信息技术
301281.SZ,科源制药,医疗保健
301282.SZ,金禄电子,信息技术
301283.SZ,聚胶股份,材料
301285.SZ,鸿日达,信息技术
301286.SZ,侨源股份,材料
301287.SZ,康力源,可选消费
301288.SZ,清研环境,工业
301289.SZ,国缆检测,工业
301290.SZ,东星医疗,医疗保健
301291.SZ,明阳电气,工业
301292.SZ,海科新源,材料
301293.SZ,三博脑科,医疗保健
301295.SZ,美硕科技,工业
301296.SZ,新巨丰,材料
301297.SZ,富乐德,信息技术
301298.SZ,东利机械,可选消费
301299.SZ,卓创资讯,信息技术
301300.SZ,远翔新材,材料
301301.SZ,川宁生物,医疗保健
301302.SZ,华如科技,信息技术
301303.SZ,真兰仪表,工业
301305.SZ,朗坤环境,工业
301306.SZ,西测测试,工业
301307.SZ,美利信,信息技术
301308.SZ,江波龙,信息技术
301309.SZ,万得凯,工业
301310.SZ,鑫宏业,工业
301311.SZ,昆船智能,工业
301312.SZ,智立方,工业
301313.SZ,凡拓数创,信息技术
301314.SZ,科瑞思,信息技术
301315.SZ,威士顿,信息技术
301316.SZ,慧博云通,信息技术
301317.SZ,鑫磊股份,工业
301318.SZ,维海德,信息技术
301319.SZ,唯特偶,材料
301320.SZ,豪江智能,工业
301321.SZ,翰博高新,信息技术
301322.SZ,绿通科技,可选消费
301323.SZ,新莱福,信息技术
301325.SZ,曼恩斯特,信息技术
301326.SZ,捷邦科技,信息技术
301327.SZ,华宝新能,工业
301328.SZ,维峰电子,信息技术
301329.SZ,信音电子,信息技术
301330.SZ,熵基科技,信息技术
301331.SZ,恩威医药,医疗保健
301332.SZ,德尔玛,可选消费
301333.SZ,诺思格,医疗保健
301335.SZ,天元宠物,可选消费
301336.SZ,趣睡科技,可选消费
301337.SZ,亚华电子,信息技术
301338.SZ,凯格精机,工业
301339.SZ,通行宝,信息技术
301345.SZ,涛涛车业,可选消费
301348.SZ,蓝箭电子,信息技术
301349.SZ,信德新材,材料
301353.SZ,普莱得,工业
301355.SZ,南王科技,材料
301356.SZ,天振股份,材料
301357.SZ,北方长龙,工业
301358.SZ,湖南裕能,材料
301359.SZ,东南电子,信息技术
301360.SZ,荣旗科技,信息技术
301361.SZ,众智科技,工业
301362.SZ,民爆光电,可选消费
301363.SZ,美好医疗,医疗保健
301365.SZ,矩阵股份,工业
301366.SZ,一博科技,信息技术
301367.SZ,怡和嘉业,医疗保健
301368.SZ,丰立智能,工业
301369.SZ,联动科技,信息技术
301370.SZ,国科恒泰,医疗保健
301371.SZ,敷尔佳,日常消费
301372.SZ,科净源,工业
301373.SZ,凌玮科技,材料
301376.SZ,致欧科技,可选消费
301377.SZ,鼎泰高科,工业
301378.SZ,通达海,信息技术
301379.SZ,天山电子,信息技术
301380.SZ,挖金客,信息技术
301381.SZ,赛维时代,可选消费
301382.SZ,蜂助手,信息技术
301383.SZ,天键股份,信息技术
301386.SZ,未来电器,工业
301387.SZ,光大同创,可选消费
301388.SZ,欣灵电气,工业
301389.SZ,隆扬电子,信息技术
301390.SZ,经纬股份,工业
301391.SZ,卡莱特,信息技术
301393.SZ,昊帆生物,医疗保健
301395.SZ,仁信新材,材料
301396.SZ,宏景科技,信息技术
301397.SZ,溯联股份,可选消费
301398.SZ,星源卓镁,材料
301399.SZ,英特科技,工业
301408.SZ,华人健康,日常消费
301413.SZ,安培龙,信息技术
301418.SZ,协昌科技,信息技术
301419.SZ,阿莱德,信息技术
301421.SZ,波长光电,信息技术
301428.SZ,世纪恒通,信息技术
301429.SZ,森泰股份,材料
301439.SZ,泓淋电力,工业
301446.SZ,福事特,工业
301448.SZ,开创电气,工业
301456.SZ,盘古智能,工业
301459.SZ,丰茂股份,材料
301468.SZ,博盈特焊,工业
301469.SZ,恒达新材,材料
301486.SZ,致尚科技,信息技术
301487.SZ,盟固利,材料
301488.SZ,豪恩汽电,可选消费
301489.SZ,思泉新材,信息技术
301498.SZ,乖宝宠物,日常消费
301499.SZ,维科精密,可选消费
301500.SZ,飞南资源,工业
301503.SZ,智迪科技,信息技术
301505.SZ,苏州规划,工业
301507.SZ,民生健康,医疗保健
301508.SZ,中机认检,工业
301509.SZ,金凯生科,医疗保健
301510.SZ,固高科技,工业
301511.SZ,德福科技,材料
301512.SZ,智信精密,工业
301515.SZ,港通医疗,医疗保健
301516.SZ,中远通,工业
301517.SZ,陕西华达,信息技术
301518.SZ,长华化学,材料
301519.SZ,舜禹股份,工业
301520.SZ,万邦医药,医疗保健
301525.SZ,儒竞科技,工业
301526.SZ,N国际复,材料
301528.SZ,多浦乐,信息技术
301529.SZ,福赛科技,可选消费
301533.SZ,威马农机,工业
301548.SZ,崇德科技,工业
301550.SZ,斯菱股份,可选消费
301555.SZ,惠柏新材,材料
301558.SZ,三态股份,可选消费
301559.SZ,中集环科,工业
301568.SZ,思泰克,信息技术
430017.BJ,星昊医药,医疗保健
430047.BJ,诺思兰德,医疗保健
430090.BJ,同辉信息,信息技术
430139.BJ,华岭股份,信息技术
430198.BJ,微创光电,信息技术
430300.BJ,辰光医疗,医疗保健
430418.BJ,苏轴股份,工业
430425.BJ,乐创技术,信息技术
430476.BJ,海能技术,信息技术
430478.BJ,峆一药业,医疗保健
430489.BJ,佳先股份,材料
430510.BJ,丰光精密,工业
430556.BJ,雅达股份,工业
430564.BJ,天润科技,信息技术
430685.BJ,新芝生物,信息技术
430718.BJ,合肥高科,工业
600000.SH,浦发银行,金融
600004.SH,白云机场,工业
600006.SH,东风汽车,可选消费
600007.SH,中国国贸,房地产
600008.SH,首创环保,公用事业
600009.SH,上海机场,工业
600010.SH,包钢股份,材料
600011.SH,华能国际,公用事业
600012.SH,皖通高速,工业
600015.SH,华夏银行,金融
600016.SH,民生银行,金融
600017.SH,日照港,工业
600018.SH,上港集团,工业
600019.SH,宝钢股份,材料
600020.SH,中原高速,工业
600021.SH,上海电力,公用事业
600022.SH,山东钢铁,材料
600023.SH,浙能电力,公用事业
600025.SH,华能水电,公用事业
600026.SH,中远海能,工业
600027.SH,华电国际,公用事业
600028.SH,中国石化,能源
600029.SH,南方航空,工业
600030.SH,中信证券,金融
600031.SH,三一重工,工业
600032.SH,浙江新能,公用事业
600033.SH,福建高速,工业
600035.SH,楚天高速,工业
600036.SH,招商银行,金融
600037.SH,歌华有线,可选消费
600038.SH,中直股份,工业
600039.SH,四川路桥,工业
600048.SH,保利发展,房地产
600050.SH,中国联通,电信服务
600051.SH,宁波联合,工业
600052.SH,东望时代,公用事业
600053.SH,九鼎投资,金融
600054.SH,黄山旅游,可选消费
600055.SH,万东医疗,医疗保健
600056.SH,中国医药,医疗保健
600057.SH,厦门象屿,工业
600058.SH,五矿发展,工业
600059.SH,古越龙山,日常消费
600060.SH,海信视像,可选消费
600061.SH,国投资本,金融
600062.SH,华润双鹤,医疗保健
600063.SH,皖维高新,材料
600064.SH,南京高科,房地产
600066.SH,宇通客车,可选消费
600067.SH,冠城大通,房地产
600070.SH,ST富润,可选消费
600071.SH,凤凰光学,信息技术
600072.SH,中船科技,工业
600073.SH,上海梅林,日常消费
600075.SH,新疆天业,材料
600076.SH,康欣新材,材料
600078.SH,ST澄星,材料
600079.SH,人福医药,医疗保健
600080.SH,金花股份,医疗保健
600081.SH,东风科技,可选消费
600082.SH,海泰发展,工业
600083.SH,博信股份,可选消费
600084.SH,中信尼雅,日常消费
600085.SH,同仁堂,医疗保健
600088.SH,中视传媒,可选消费
600089.SH,特变电工,工业
600094.SH,大名城,房地产
600095.SH,湘财股份,金融
600096.SH,云天化,材料
600097.SH,开创国际,日常消费
600098.SH,广州发展,公用事业
600099.SH,林海股份,可选消费
600100.SH,同方股份,信息技术
600101.SH,明星电力,公用事业
600103.SH,青山纸业,材料
600104.SH,上汽集团,可选消费
600105.SH,永鼎股份,信息技术
600106.SH,重庆路桥,工业
600107.SH,美尔雅,可选消费
600108.SH,亚盛集团,日常消费
600109.SH,国金证券,金融
600110.SH,诺德股份,材料
600111.SH,北方稀土,材料
600112.SH,ST天成,工业
600113.SH,浙江东日,工业
600114.SH,东睦股份,工业
600115.SH,中国东航,工业
600116.SH,三峡水利,公用事业
600117.SH,*ST西钢,材料
600118.SH,中国卫星,工业
600119.SH,长江投资,工业
600120.SH,浙江东方,金融
600121.SH,郑州煤电,能源
600123.SH,兰花科创,能源
600125.SH,铁龙物流,工业
600126.SH,杭钢股份,材料
600127.SH,金健米业,日常消费
600128.SH,苏豪弘业,可选消费
600129.SH,太极集团,医疗保健
600130.SH,波导股份,信息技术
600131.SH,国网信通,信息技术
600132.SH,重庆啤酒,日常消费
600133.SH,东湖高新,工业
600135.SH,乐凯胶片,材料
600136.SH,*ST明诚,可选消费
600137.SH,浪莎股份,可选消费
600138.SH,中青旅,可选消费
600141.SH,兴发集团,材料
600143.SH,金发科技,材料
600148.SH,长春一东,可选消费
600149.SH,廊坊发展,公用事业
600150.SH,中国船舶,工业
600151.SH,航天机电,信息技术
600152.SH,维科技术,工业
600153.SH,建发股份,工业
600155.SH,华创云信,金融
600156.SH,华升股份,可选消费
600157.SH,永泰能源,公用事业
600158.SH,中体产业,可选消费
600159.SH,大龙地产,房地产
600160.SH,巨化股份,材料
600161.SH,天坛生物,医疗保健
600162.SH,香江控股,房地产
600163.SH,中闽能源,公用事业
600165.SH,宁科生物,材料
600166.SH,福田汽车,可选消费
600167.SH,联美控股,公用事业
600168.SH,武汉控股,公用事业
600169.SH,太原重工,工业
600170.SH,上海建工,工业
600171.SH,上海贝岭,信息技术
600172.SH,黄河旋风,材料
600173.SH,卧龙地产,房地产
600176.SH,中国巨石,材料
600177.SH,雅戈尔,可选消费
600178.SH,东安动力,可选消费
600179.SH,安通控股,工业
600180.SH,瑞茂通,工业
600182.SH,S佳通,可选消费
600183.SH,生益科技,信息技术
600184.SH,光电股份,工业
600185.SH,格力地产,房地产
600186.SH,莲花健康,日常消费
600187.SH,国中水务,公用事业
600188.SH,兖矿能源,能源
600189.SH,泉阳泉,日常消费
600190.SH,锦州港,工业
600191.SH,华资实业,日常消费
600192.SH,长城电工,工业
600193.SH,创兴资源,工业
600195.SH,中牧股份,医疗保健
600196.SH,复星医药,医疗保健
600197.SH,伊力特,日常消费
600198.SH,大唐电信,信息技术
600199.SH,金种子酒,日常消费
600200.SH,江苏吴中,医疗保健
600201.SH,生物股份,医疗保健
600202.SH,哈空调,工业
600203.SH,福日电子,信息技术
600206.SH,有研新材,材料
600207.SH,安彩高科,工业
600208.SH,新湖中宝,房地产
600210.SH,紫江企业,材料
600211.SH,西藏药业,医疗保健
600212.SH,绿能慧充,公用事业
600213.SH,亚星客车,可选消费
600215.SH,派斯林,工业
600216.SH,浙江医药,医疗保健
600217.SH,中再资环,工业
600218.SH,全柴动力,工业
600219.SH,南山铝业,材料
600220.SH,江苏阳光,可选消费
600221.SH,海航控股,工业
600222.SH,太龙药业,医疗保健
600223.SH,福瑞达,房地产
600225.SH,卓朗科技,信息技术
600226.SH,瀚叶股份,材料
600227.SH,赤天化,医疗保健
600228.SH,返利科技,信息技术
600229.SH,城市传媒,可选消费
600230.SH,沧州大化,材料
600231.SH,凌钢股份,材料
600232.SH,金鹰股份,可选消费
600233.SH,圆通速递,工业
600234.SH,科新发展,可选消费
600235.SH,民丰特纸,材料
600236.SH,桂冠电力,公用事业
600237.SH,铜峰电子,信息技术
600238.SH,海南椰岛,日常消费
600239.SH,云南城投,房地产
600241.SH,时代万恒,工业
600243.SH,青海华鼎,工业
600246.SH,万通发展,房地产
600248.SH,陕建股份,工业
600249.SH,两面针,日常消费
600250.SH,南京商旅,可选消费
600251.SH,冠农股份,日常消费
600252.SH,中恒集团,医疗保健
600255.SH,鑫科材料,材料
600256.SH,广汇能源,能源
600257.SH,大湖股份,日常消费
600258.SH,首旅酒店,可选消费
600259.SH,广晟有色,材料
600261.SH,阳光照明,可选消费
600262.SH,北方股份,工业
600265.SH,ST景谷,材料
600266.SH,城建发展,房地产
600267.SH,海正药业,医疗保健
600268.SH,国电南自,工业
600269.SH,赣粤高速,工业
600271.SH,航天信息,信息技术
600272.SH,开开实业,医疗保健
600273.SH,嘉化能源,材料
600276.SH,恒瑞医药,医疗保健
600277.SH,亿利洁能,材料
600278.SH,东方创业,可选消费
600279.SH,重庆港,工业
600280.SH,中央商场,可选消费
600281.SH,华阳新材,材料
600282.SH,南钢股份,材料
600283.SH,钱江水利,公用事业
600284.SH,浦东建设,工业
600285.SH,羚锐制药,医疗保健
600287.SH,江苏舜天,可选消费
600288.SH,大恒科技,信息技术
600289.SH,ST信通,信息技术
600290.SH,*ST华仪,工业
600292.SH,远达环保,工业
600293.SH,三峡新材,材料
600295.SH,鄂尔多斯,工业
600297.SH,广汇汽车,可选消费
600298.SH,安琪酵母,日常消费
600299.SH,安迪苏,医疗保健
600300.SH,维维股份,日常消费
600301.SH,华锡有色,工业
600302.SH,标准股份,工业
600303.SH,ST曙光,可选消费
600305.SH,恒顺醋业,日常消费
600306.SH,*ST商城,可选消费
600307.SH,酒钢宏兴,材料
600308.SH,华泰股份,材料
600309.SH,万华化学,材料
600310.SH,广西能源,公用事业
600312.SH,平高电气,工业
600313.SH,农发种业,工业
600315.SH,上海家化,日常消费
600316.SH,洪都航空,工业
600318.SH,新力金融,金融
600319.SH,亚星化学,材料
600320.SH,振华重工,工业
600321.SH,正源股份,工业
600322.SH,津投城开,房地产
600323.SH,瀚蓝环境,工业
600325.SH,华发股份,房地产
600326.SH,西藏天路,工业
600327.SH,大东方,医疗保健
600328.SH,中盐化工,材料
600329.SH,达仁堂,医疗保健
600330.SH,天通股份,材料
600331.SH,宏达股份,材料
600332.SH,白云山,医疗保健
600333.SH,长春燃气,公用事业
600335.SH,国机汽车,可选消费
600336.SH,澳柯玛,可选消费
600337.SH,美克家居,可选消费
600338.SH,西藏珠峰,材料
600339.SH,中油工程,能源
600340.SH,华夏幸福,房地产
600343.SH,航天动力,工业
600345.SH,长江通信,信息技术
600346.SH,恒力石化,材料
600348.SH,华阳股份,能源
600350.SH,山东高速,工业
600351.SH,亚宝药业,医疗保健
600352.SH,浙江龙盛,材料
600353.SH,旭光电子,信息技术
600354.SH,敦煌种业,日常消费
600355.SH,精伦电子,信息技术
600356.SH,恒丰纸业,材料
600358.SH,国旅联合,可选消费
600359.SH,新农开发,日常消费
600360.SH,华微电子,信息技术
600361.SH,创新新材,材料
600362.SH,江西铜业,材料
600363.SH,联创光电,信息技术
600365.SH,ST通葡,日常消费
600366.SH,宁波韵升,材料
600367.SH,红星发展,材料
600368.SH,五洲交通,工业
600369.SH,西南证券,金融
600370.SH,三房巷,材料
600371.SH,万向德农,日常消费
600372.SH,中航机载,工业
600373.SH,中文传媒,可选消费
600375.SH,汉马科技,工业
600376.SH,首开股份,房地产
600377.SH,宁沪高速,工业
600378.SH,昊华科技,材料
600379.SH,宝光股份,工业
600380.SH,健康元,医疗保健
600381.SH,青海春天,医疗保健
600382.SH,广东明珠,工业
600383.SH,金地集团,房地产
600386.SH,北巴传媒,可选消费
600387.SH,ST海越,能源
600388.SH,龙净环保,工业
600389.SH,江山股份,材料
600390.SH,五矿资本,金融
600391.SH,航发科技,工业
600392.SH,盛和资源,材料
600395.SH,盘江股份,能源
600396.SH,*ST金山,公用事业
600397.SH,安源煤业,能源
600398.SH,海澜之家,可选消费
600399.SH,抚顺特钢,材料
600400.SH,红豆股份,可选消费
600403.SH,大有能源,能源
600405.SH,动力源,工业
600406.SH,国电南瑞,工业
600408.SH,安泰集团,能源
600409.SH,三友化工,材料
600410.SH,华胜天成,信息技术
600415.SH,小商品城,工业
600416.SH,湘电股份,工业
600418.SH,江淮汽车,可选消费
600419.SH,天润乳业,日常消费
600420.SH,国药现代,医疗保健
600421.SH,华嵘控股,可选消费
600422.SH,昆药集团,医疗保健
600423.SH,柳化股份,材料
600425.SH,青松建化,材料
600426.SH,华鲁恒升,材料
600428.SH,中远海特,工业
600429.SH,三元股份,日常消费
600433.SH,冠豪高新,材料
600435.SH,北方导航,工业
600436.SH,片仔癀,医疗保健
600438.SH,通威股份,信息技术
600439.SH,瑞贝卡,日常消费
600444.SH,国机通用,工业
600446.SH,金证股份,信息技术
600448.SH,华纺股份,可选消费
600449.SH,宁夏建材,材料
600452.SH,涪陵电力,公用事业
600455.SH,博通股份,工业
600456.SH,宝钛股份,材料
600458.SH,时代新材,材料
600459.SH,贵研铂业,材料
600460.SH,士兰微,信息技术
600461.SH,洪城环境,公用事业
600462.SH,ST九有,信息技术
600463.SH,空港股份,房地产
600467.SH,好当家,日常消费
600468.SH,百利电气,工业
600469.SH,风神股份,可选消费
600470.SH,六国化工,材料
600475.SH,华光环能,工业
600476.SH,湘邮科技,信息技术
600477.SH,杭萧钢构,工业
600478.SH,科力远,工业
600479.SH,千金药业,医疗保健
600480.SH,凌云股份,可选消费
600481.SH,双良节能,工业
600482.SH,中国动力,工业
600483.SH,福能股份,公用事业
600486.SH,扬农化工,材料
600487.SH,亨通光电,信息技术
600488.SH,津药药业,医疗保健
600489.SH,中金黄金,材料
600490.SH,鹏欣资源,材料
600491.SH,龙元建设,工业
600493.SH,凤竹纺织,可选消费
600495.SH,晋西车轴,工业
600496.SH,精工钢构,工业
600497.SH,驰宏锌锗,材料
600498.SH,烽火通信,信息技术
600499.SH,科达制造,工业
600500.SH,中化国际,材料
600501.SH,航天晨光,工业
600502.SH,安徽建工,工业
600503.SH,华丽家族,房地产
600505.SH,西昌电力,公用事业
600506.SH,统一股份,日常消费
600507.SH,方大特钢,材料
600508.SH,上海能源,能源
600509.SH,天富能源,公用事业
600510.SH,黑牡丹,房地产
600511.SH,国药股份,医疗保健
600512.SH,腾达建设,工业
600513.SH,联环药业,医疗保健
600515.SH,海南机场,房地产
600516.SH,方大炭素,材料
600517.SH,国网英大,工业
600518.SH,ST康美,医疗保健
600519.SH,贵州茅台,日常消费
600520.SH,文一科技,工业
600521.SH,华海药业,医疗保健
600522.SH,中天科技,信息技术
600523.SH,贵航股份,可选消费
600525.SH,长园集团,工业
600526.SH,菲达环保,工业
600527.SH,江南高纤,材料
600528.SH,中铁工业,工业
600529.SH,山东药玻,医疗保健
600530.SH,ST交昂,日常消费
600531.SH,豫光金铅,材料
600533.SH,栖霞建设,房地产
600535.SH,天士力,医疗保健
600536.SH,中国软件,信息技术
600537.SH,亿晶光电,信息技术
600538.SH,国发股份,医疗保健
600539.SH,狮头股份,材料
600540.SH,新赛股份,日常消费
600543.SH,*ST莫高,日常消费
600545.SH,卓郎智能,工业
600546.SH,山煤国际,能源
600547.SH,山东黄金,材料
600548.SH,深高速,工业
600549.SH,厦门钨业,材料
600550.SH,保变电气,工业
600551.SH,时代出版,可选消费
600552.SH,凯盛科技,信息技术
600556.SH,天下秀,信息技术
600557.SH,康缘药业,医疗保健
600558.SH,大西洋,材料
600559.SH,老白干酒,日常消费
600560.SH,金自天正,工业
600561.SH,江西长运,工业
600562.SH,国睿科技,工业
600563.SH,法拉电子,信息技术
600565.SH,迪马股份,房地产
600566.SH,济川药业,医疗保健
600567.SH,山鹰国际,材料
600568.SH,ST中珠,医疗保健
600569.SH,安阳钢铁,材料
600570.SH,恒生电子,信息技术
600571.SH,信雅达,信息技术
600572.SH,康恩贝,医疗保健
600573.SH,惠泉啤酒,日常消费
600575.SH,淮河能源,工业
600576.SH,祥源文旅,可选消费
600577.SH,精达股份,工业
600578.SH,京能电力,公用事业
600579.SH,克劳斯,工业
600580.SH,卧龙电驱,工业
600581.SH,八一钢铁,材料
600582.SH,天地科技,工业
600583.SH,海油工程,能源
600584.SH,长电科技,信息技术
600585.SH,海螺水泥,材料
600586.SH,金晶科技,材料
600587.SH,新华医疗,医疗保健
600588.SH,用友网络,信息技术
600589.SH,*ST榕泰,材料
600590.SH,泰豪科技,工业
600592.SH,龙溪股份,工业
600593.SH,大连圣亚,可选消费
600594.SH,益佰制药,医疗保健
600595.SH,中孚实业,材料
600596.SH,新安股份,材料
600597.SH,光明乳业,日常消费
600598.SH,北大荒,日常消费
600599.SH,ST熊猫,金融
600600.SH,青岛啤酒,日常消费
600601.SH,方正科技,工业
600602.SH,云赛智联,信息技术
600603.SH,广汇物流,房地产
600604.SH,市北高新,工业
600605.SH,汇通能源,工业
600606.SH,绿地控股,房地产
600608.SH,ST沪科,工业
600609.SH,金杯汽车,可选消费
600610.SH,中毅达,材料
600611.SH,大众交通,工业
600612.SH,老凤祥,可选消费
600613.SH,神奇制药,医疗保健
600615.SH,丰华股份,材料
600616.SH,金枫酒业,日常消费
600617.SH,国新能源,公用事业
600618.SH,氯碱化工,材料
600619.SH,海立股份,工业
600620.SH,天宸股份,工业
600621.SH,华鑫股份,金融
600622.SH,光大嘉宝,房地产
600623.SH,华谊集团,材料
600624.SH,复旦复华,医疗保健
600626.SH,申达股份,可选消费
600628.SH,新世界,可选消费
600629.SH,华建集团,工业
600630.SH,龙头股份,可选消费
600633.SH,浙数文化,可选消费
600635.SH,大众公用,公用事业
600636.SH,国新文化,可选消费
600637.SH,东方明珠,可选消费
600638.SH,新黄浦,房地产
600639.SH,浦东金桥,房地产
600640.SH,国脉文化,信息技术
600641.SH,万业企业,房地产
600642.SH,申能股份,公用事业
600643.SH,爱建集团,金融
600644.SH,乐山电力,公用事业
600645.SH,中源协和,医疗保健
600647.SH,*ST同达,日常消费
600648.SH,外高桥,工业
600649.SH,城投控股,房地产
600650.SH,锦江在线,工业
600651.SH,飞乐音响,可选消费
600653.SH,申华控股,可选消费
600654.SH,ST中安,信息技术
600655.SH,豫园股份,可选消费
600657.SH,信达地产,房地产
600658.SH,电子城,房地产
600660.SH,福耀玻璃,可选消费
600661.SH,昂立教育,可选消费
600662.SH,外服控股,工业
600663.SH,陆家嘴,房地产
600664.SH,哈药股份,医疗保健
600665.SH,天地源,房地产
600666.SH,ST瑞德,工业
600667.SH,太极实业,工业
600668.SH,尖峰集团,工业
600671.SH,*ST目药,医疗保健
600673.SH,东阳光,材料
600674.SH,川投能源,公用事业
600675.SH,中华企业,房地产
600676.SH,交运股份,可选消费
600678.SH,四川金顶,材料
600679.SH,上海凤凰,可选消费
600681.SH,百川能源,公用事业
600682.SH,南京新百,可选消费
600683.SH,京投发展,房地产
600684.SH,珠江股份,房地产
600685.SH,中船防务,工业
600686.SH,金龙汽车,可选消费
600688.SH,上海石化,能源
600689.SH,上海三毛,可选消费
600690.SH,海尔智家,可选消费
600691.SH,阳煤化工,材料
600692.SH,亚通股份,房地产
600693.SH,东百集团,可选消费
600694.SH,大商股份,可选消费
600696.SH,岩石股份,日常消费
600697.SH,欧亚集团,可选消费
600698.SH,湖南天雁,可选消费
600699.SH,均胜电子,可选消费
600702.SH,舍得酒业,日常消费
600703.SH,三安光电,信息技术
600704.SH,物产中大,工业
600705.SH,中航产融,金融
600706.SH,曲江文旅,可选消费
600707.SH,彩虹股份,信息技术
600708.SH,光明地产,房地产
600710.SH,苏美达,工业
600711.SH,盛屯矿业,工业
600712.SH,南宁百货,可选消费
600713.SH,南京医药,医疗保健
600714.SH,金瑞矿业,材料
600715.SH,文投控股,可选消费
600716.SH,凤凰股份,房地产
600717.SH,天津港,工业
600718.SH,东软集团,信息技术
600719.SH,大连热电,公用事业
600720.SH,祁连山,材料
600721.SH,百花医药,医疗保健
600722.SH,金牛化工,材料
600724.SH,宁波富达,材料
600725.SH,云维股份,能源
600726.SH,华电能源,公用事业
600727.SH,鲁北化工,材料
600728.SH,佳都科技,信息技术
600729.SH,重庆百货,可选消费
600730.SH,中国高科,可选消费
600731.SH,湖南海利,材料
600732.SH,爱旭股份,信息技术
600733.SH,北汽蓝谷,可选消费
600734.SH,ST实达,信息技术
600735.SH,新华锦,可选消费
600736.SH,苏州高新,房地产
600737.SH,中粮糖业,日常消费
600738.SH,丽尚国潮,可选消费
600739.SH,辽宁成大,可选消费
600740.SH,山西焦化,能源
600741.SH,华域汽车,可选消费
600742.SH,一汽富维,可选消费
600743.SH,华远地产,房地产
600744.SH,华银电力,公用事业
600745.SH,闻泰科技,信息技术
600746.SH,江苏索普,材料
600748.SH,上实发展,房地产
600749.SH,西藏旅游,可选消费
600750.SH,江中药业,医疗保健
600751.SH,海航科技,信息技术
600753.SH,庚星股份,工业
600754.SH,锦江酒店,可选消费
600755.SH,厦门国贸,工业
600756.SH,浪潮软件,信息技术
600757.SH,长江传媒,可选消费
600758.SH,辽宁能源,公用事业
600759.SH,*ST洲际,能源
600760.SH,中航沈飞,工业
600761.SH,安徽合力,工业
600763.SH,通策医疗,医疗保健
600764.SH,中国海防,工业
600765.SH,中航重机,工业
600766.SH,*ST园城,材料
600768.SH,宁波富邦,材料
600769.SH,祥龙电业,工业
600770.SH,综艺股份,工业
600771.SH,广誉远,医疗保健
600773.SH,西藏城投,房地产
600774.SH,汉商集团,医疗保健
600775.SH,南京熊猫,信息技术
600776.SH,东方通信,信息技术
600777.SH,新潮能源,能源
600778.SH,友好集团,可选消费
600779.SH,水井坊,日常消费
600780.SH,通宝能源,公用事业
600782.SH,新钢股份,材料
600783.SH,鲁信创投,工业
600784.SH,鲁银投资,工业
600785.SH,新华百货,可选消费
600787.SH,中储股份,工业
600789.SH,鲁抗医药,医疗保健
600790.SH,轻纺城,房地产
600791.SH,京能置业,房地产
600792.SH,云煤能源,能源
600793.SH,宜宾纸业,材料
600794.SH,保税科技,工业
600795.SH,国电电力,公用事业
600796.SH,钱江生化,材料
600797.SH,浙大网新,信息技术
600798.SH,宁波海运,工业
600800.SH,渤海化学,信息技术
600801.SH,华新水泥,材料
600802.SH,福建水泥,材料
600803.SH,新奥股份,公用事业
600804.SH,ST鹏博士,电信服务
600805.SH,悦达投资,工业
600807.SH,济南高新,房地产
600808.SH,马钢股份,材料
600809.SH,山西汾酒,日常消费
600810.SH,神马股份,材料
600811.SH,东方集团,日常消费
600812.SH,华北制药,医疗保健
600814.SH,杭州解百,可选消费
600815.SH,厦工股份,工业
600816.SH,建元信托,金融
600817.SH,宇通重工,工业
600818.SH,中路股份,可选消费
600819.SH,耀皮玻璃,材料
600820.SH,隧道股份,工业
600821.SH,金开新能,公用事业
600822.SH,上海物贸,工业
600823.SH,ST世茂,房地产
600824.SH,益民集团,可选消费
600825.SH,新华传媒,可选消费
600826.SH,兰生股份,可选消费
600827.SH,百联股份,日常消费
600828.SH,茂业商业,可选消费
600829.SH,人民同泰,医疗保健
600830.SH,香溢融通,可选消费
600831.SH,广电网络,可选消费
600833.SH,第一医药,日常消费
600834.SH,申通地铁,工业
600835.SH,上海机电,工业
600836.SH,上海易连,工业
600837.SH,海通证券,金融
600838.SH,上海九百,可选消费
600839.SH,四川长虹,可选消费
600841.SH,动力新科,工业
600843.SH,上工申贝,工业
600844.SH,丹化科技,材料
600845.SH,宝信软件,信息技术
600846.SH,同济科技,房地产
600847.SH,万里股份,工业
600848.SH,上海临港,房地产
600850.SH,电科数字,信息技术
600851.SH,海欣股份,医疗保健
600853.SH,龙建股份,工业
600854.SH,春兰股份,可选消费
600855.SH,航天长峰,信息技术
600857.SH,宁波中百,可选消费
600858.SH,银座股份,可选消费
600859.SH,王府井,可选消费
600860.SH,京城股份,工业
600861.SH,北京人力,日常消费
600862.SH,中航高科,工业
600863.SH,内蒙华电,公用事业
600864.SH,哈投股份,金融
600865.SH,百大集团,可选消费
600866.SH,星湖科技,日常消费
600867.SH,通化东宝,医疗保健
600868.SH,梅雁吉祥,公用事业
600869.SH,远东股份,工业
600871.SH,石化油服,能源
600872.SH,中炬高新,日常消费
600873.SH,梅花生物,日常消费
600874.SH,创业环保,公用事业
600875.SH,东方电气,工业
600876.SH,凯盛新能,材料
600877.SH,电科芯片,工业
600879.SH,航天电子,工业
600880.SH,博瑞传播,可选消费
600881.SH,亚泰集团,材料
600882.SH,妙可蓝多,日常消费
600883.SH,博闻科技,材料
600884.SH,杉杉股份,材料
600885.SH,宏发股份,工业
600886.SH,国投电力,公用事业
600887.SH,伊利股份,日常消费
600888.SH,新疆众和,材料
600889.SH,南京化纤,材料
600892.SH,大晟文化,可选消费
600893.SH,航发动力,工业
600894.SH,广日股份,工业
600895.SH,张江高科,房地产
600897.SH,厦门空港,工业
600898.SH,ST美讯,信息技术
600900.SH,长江电力,公用事业
600901.SH,江苏金租,金融
600903.SH,贵州燃气,公用事业
600905.SH,三峡能源,公用事业
600906.SH,财达证券,金融
600908.SH,无锡银行,金融
600909.SH,华安证券,金融
600916.SH,中国黄金,可选消费
600917.SH,重庆燃气,公用事业
600918.SH,中泰证券,金融
600919.SH,江苏银行,金融
600925.SH,苏能股份,能源
600926.SH,杭州银行,金融
600927.SH,永安期货,金融
600928.SH,西安银行,金融
600929.SH,雪天盐业,日常消费
600933.SH,爱柯迪,可选消费
600935.SH,华塑股份,材料
600936.SH,广西广电,可选消费
600938.SH,中国海油,能源
600939.SH,重庆建工,工业
600941.SH,中国移动,电信服务
600955.SH,维远股份,材料
600956.SH,新天绿能,公用事业
600958.SH,东方证券,金融
600959.SH,江苏有线,可选消费
600960.SH,渤海汽车,可选消费
600961.SH,株冶集团,材料
600962.SH,国投中鲁,日常消费
600963.SH,岳阳林纸,材料
600965.SH,福成股份,日常消费
600966.SH,博汇纸业,材料
600967.SH,内蒙一机,工业
600968.SH,海油发展,能源
600969.SH,郴电国际,公用事业
600970.SH,中材国际,工业
600971.SH,恒源煤电,能源
600973.SH,宝胜股份,工业
600975.SH,新五丰,日常消费
600976.SH,健民集团,医疗保健
600977.SH,中国电影,可选消费
600979.SH,广安爱众,公用事业
600980.SH,北矿科技,工业
600981.SH,汇鸿集团,可选消费
600982.SH,宁波能源,公用事业
600983.SH,惠而浦,可选消费
600984.SH,建设机械,工业
600985.SH,淮北矿业,能源
600986.SH,浙文互联,可选消费
600987.SH,航民股份,可选消费
600988.SH,赤峰黄金,材料
600989.SH,宝丰能源,材料
600990.SH,四创电子,工业
600992.SH,贵绳股份,材料
600993.SH,马应龙,医疗保健
600995.SH,南网储能,公用事业
600996.SH,贵广网络,可选消费
600997.SH,开滦股份,能源
600998.SH,九州通,医疗保健
600999.SH,招商证券,金融
601000.SH,唐山港,工业
601001.SH,晋控煤业,能源
601002.SH,晋亿实业,工业
601003.SH,柳钢股份,材料
601005.SH,重庆钢铁,材料
601006.SH,大秦铁路,工业
601007.SH,金陵饭店,可选消费
601008.SH,连云港,工业
601009.SH,南京银行,金融
601010.SH,文峰股份,可选消费
601011.SH,宝泰隆,能源
601012.SH,隆基绿能,信息技术
601015.SH,陕西黑猫,能源
601016.SH,节能风电,公用事业
601018.SH,宁波港,工业
601019.SH,山东出版,可选消费
601020.SH,华钰矿业,材料
601021.SH,春秋航空,工业
601022.SH,宁波远洋,工业
601028.SH,玉龙股份,材料
601038.SH,一拖股份,工业
601058.SH,赛轮轮胎,可选消费
601059.SH,信达证券,金融
601061.SH,中信金属,工业
601065.SH,江盐集团,材料
601066.SH,中信建投,金融
601068.SH,中铝国际,工业
601069.SH,西部黄金,材料
601077.SH,渝农商行,金融
601083.SH,锦江航运,工业
601086.SH,国芳集团,可选消费
601088.SH,中国神华,能源
601089.SH,福元医药,医疗保健
601096.SH,C宏盛,工业
601098.SH,中南传媒,可选消费
601099.SH,太平洋,金融
601100.SH,恒立液压,工业
601101.SH,昊华能源,能源
601106.SH,中国一重,工业
601107.SH,四川成渝,工业
601108.SH,财通证券,金融
601111.SH,中国国航,工业
601113.SH,华鼎股份,材料
601116.SH,三江购物,日常消费
601117.SH,中国化学,工业
601118.SH,海南橡胶,日常消费
601121.SH,宝地矿业,材料
601126.SH,四方股份,工业
601127.SH,赛力斯,可选消费
601128.SH,常熟银行,金融
601133.SH,柏诚股份,工业
601136.SH,首创证券,金融
601137.SH,博威合金,材料
601138.SH,工业富联,信息技术
601139.SH,深圳燃气,公用事业
601155.SH,新城控股,房地产
601156.SH,东航物流,工业
601158.SH,重庆水务,公用事业
601162.SH,天风证券,金融
601163.SH,三角轮胎,可选消费
601166.SH,兴业银行,金融
601168.SH,西部矿业,材料
601169.SH,北京银行,金融
601177.SH,杭齿前进,工业
601179.SH,中国西电,工业
601186.SH,中国铁建,工业
601187.SH,厦门银行,金融
601188.SH,龙江交通,工业
601198.SH,东兴证券,金融
601199.SH,江南水务,公用事业
601200.SH,上海环境,工业
601208.SH,东材科技,材料
601211.SH,国泰君安,金融
601212.SH,白银有色,材料
601216.SH,君正集团,材料
601218.SH,吉鑫科技,工业
601222.SH,林洋能源,工业
601225.SH,陕西煤业,能源
601226.SH,华电重工,工业
601228.SH,广州港,工业
601229.SH,上海银行,金融
601231.SH,环旭电子,信息技术
601233.SH,桐昆股份,材料
601236.SH,红塔证券,金融
601238.SH,广汽集团,可选消费
601279.SH,英利汽车,可选消费
601288.SH,农业银行,金融
601298.SH,青岛港,工业
601311.SH,骆驼股份,工业
601318.SH,中国平安,金融
601319.SH,中国人保,金融
601326.SH,秦港股份,工业
601328.SH,交通银行,金融
601330.SH,绿色动力,工业
601333.SH,广深铁路,工业
601336.SH,新华保险,金融
601339.SH,百隆东方,可选消费
601360.SH,三六零,信息技术
601366.SH,利群股份,可选消费
601368.SH,绿城水务,公用事业
601369.SH,陕鼓动力,工业
601375.SH,中原证券,金融
601377.SH,兴业证券,金融
601388.SH,怡球资源,材料
601390.SH,中国中铁,工业
601398.SH,工商银行,金融
601399.SH,国机重装,工业
601456.SH,国联证券,金融
601500.SH,通用股份,可选消费
601512.SH,中新集团,工业
601515.SH,东峰集团,工业
601518.SH,吉林高速,工业
601519.SH,大智慧,金融
601528.SH,瑞丰银行,金融
601555.SH,东吴证券,金融
601566.SH,九牧王,可选消费
601567.SH,三星医疗,工业
601568.SH,北元集团,材料
601577.SH,长沙银行,金融
601579.SH,会稽山,日常消费
601588.SH,北辰实业,房地产
601595.SH,上海电影,可选消费
601598.SH,中国外运,工业
601599.SH,浙文影业,可选消费
601600.SH,中国铝业,材料
601601.SH,中国太保,金融
601606.SH,长城军工,工业
601607.SH,上海医药,医疗保健
601608.SH,中信重工,工业
601609.SH,金田股份,材料
601611.SH,中国核建,工业
601615.SH,明阳智能,工业
601616.SH,广电电气,工业
601618.SH,中国中冶,工业
601619.SH,嘉泽新能,公用事业
601628.SH,中国人寿,金融
601633.SH,长城汽车,可选消费
601636.SH,旗滨集团,材料
601658.SH,邮储银行,金融
601665.SH,齐鲁银行,金融
601666.SH,平煤股份,能源
601668.SH,中国建筑,工业
601669.SH,中国电建,工业
601677.SH,明泰铝业,材料
601678.SH,滨化股份,材料
601686.SH,友发集团,材料
601688.SH,华泰证券,金融
601689.SH,拓普集团,可选消费
601696.SH,中银证券,金融
601698.SH,中国卫通,电信服务
601699.SH,潞安环能,能源
601700.SH,风范股份,工业
601702.SH,华峰铝业,材料
601717.SH,郑煤机,工业
601718.SH,际华集团,可选消费
601727.SH,上海电气,工业
601728.SH,中国电信,电信服务
601766.SH,中国中车,工业
601777.SH,力帆科技,可选消费
601778.SH,晶科科技,公用事业
601788.SH,光大证券,金融
601789.SH,宁波建工,工业
601798.SH,蓝科高新,能源
601799.SH,星宇股份,可选消费
601800.SH,中国交建,工业
601801.SH,皖新传媒,可选消费
601808.SH,中海油服,能源
601811.SH,新华文轩,可选消费
601816.SH,京沪高铁,工业
601818.SH,光大银行,金融
601825.SH,沪农商行,金融
601827.SH,三峰环境,工业
601828.SH,美凯龙,可选消费
601838.SH,成都银行,金融
601857.SH,中国石油,能源
601858.SH,中国科传,可选消费
601860.SH,紫金银行,金融
601865.SH,福莱特,材料
601866.SH,中远海发,工业
601868.SH,中国能建,工业
601869.SH,长飞光纤,信息技术
601872.SH,招商轮船,工业
601877.SH,正泰电器,工业
601878.SH,浙商证券,金融
601880.SH,辽港股份,工业
601881.SH,中国银河,金融
601882.SH,海天精工,工业
601886.SH,江河集团,工业
601888.SH,中国中免,可选消费
601890.SH,亚星锚链,工业
601898.SH,中煤能源,能源
601899.SH,紫金矿业,材料
601900.SH,南方传媒,可选消费
601901.SH,方正证券,金融
601908.SH,京运通,信息技术
601916.SH,浙商银行,金融
601918.SH,新集能源,能源
601919.SH,中远海控,工业
601921.SH,浙版传媒,可选消费
601928.SH,凤凰传媒,可选消费
601929.SH,吉视传媒,可选消费
601933.SH,永辉超市,日常消费
601939.SH,建设银行,金融
601949.SH,中国出版,可选消费
601952.SH,苏垦农发,日常消费
601956.SH,东贝集团,工业
601958.SH,金钼股份,材料
601963.SH,重庆银行,金融
601965.SH,中国汽研,可选消费
601966.SH,玲珑轮胎,可选消费
601968.SH,宝钢包装,材料
601969.SH,海南矿业,材料
601975.SH,招商南油,工业
601985.SH,中国核电,公用事业
601988.SH,中国银行,金融
601989.SH,中国重工,工业
601990.SH,南京证券,金融
601991.SH,大唐发电,公用事业
601992.SH,金隅集团,材料
601995.SH,中金公司,金融
601996.SH,丰林集团,材料
601997.SH,贵阳银行,金融
601998.SH,中信银行,金融
601999.SH,出版传媒,可选消费
603000.SH,人民网,信息技术
603001.SH,ST奥康,可选消费
603002.SH,宏昌电子,信息技术
603003.SH,龙宇股份,能源
603005.SH,晶方科技,信息技术
603006.SH,联明股份,可选消费
603007.SH,ST花王,工业
603008.SH,喜临门,可选消费
603009.SH,北特科技,可选消费
603010.SH,万盛股份,材料
603011.SH,合锻智能,工业
603012.SH,创力集团,工业
603013.SH,亚普股份,可选消费
603015.SH,弘讯科技,工业
603016.SH,新宏泰,工业
603017.SH,中衡设计,工业
603018.SH,华设集团,工业
603019.SH,中科曙光,信息技术
603020.SH,爱普股份,日常消费
603021.SH,山东华鹏,材料
603022.SH,新通联,材料
603023.SH,威帝股份,可选消费
603025.SH,大豪科技,工业
603026.SH,胜华新材,材料
603027.SH,千禾味业,日常消费
603028.SH,赛福天,材料
603029.SH,天鹅股份,工业
603030.SH,*ST全筑,工业
603031.SH,安孚科技,工业
603032.SH,德新科技,工业
603033.SH,三维股份,材料
603035.SH,常熟汽饰,可选消费
603036.SH,如通股份,能源
603037.SH,凯众股份,可选消费
603038.SH,华立股份,工业
603039.SH,泛微网络,信息技术
603040.SH,新坐标,可选消费
603041.SH,美思德,材料
603042.SH,华脉科技,信息技术
603043.SH,广州酒家,日常消费
603045.SH,福达合金,材料
603048.SH,浙江黎明,可选消费
603050.SH,科林电气,工业
603051.SH,鹿山新材,材料
603052.SH,可川科技,信息技术
603053.SH,成都燃气,公用事业
603055.SH,台华新材,材料
603056.SH,德邦股份,工业
603057.SH,紫燕食品,日常消费
603058.SH,永吉股份,工业
603059.SH,倍加洁,日常消费
603060.SH,国检集团,工业
603061.SH,金海通,工业
603062.SH,麦加芯彩,材料
603063.SH,禾望电气,工业
603065.SH,宿迁联盛,材料
603066.SH,音飞储存,工业
603067.SH,振华股份,材料
603068.SH,博通集成,信息技术
603069.SH,海汽集团,工业
603070.SH,万控智造,工业
603071.SH,物产环能,能源
603073.SH,彩蝶实业,可选消费
603075.SH,热威股份,可选消费
603076.SH,乐惠国际,工业
603077.SH,和邦生物,材料
603078.SH,江化微,材料
603079.SH,圣达生物,医疗保健
603080.SH,新疆火炬,公用事业
603081.SH,大丰实业,工业
603083.SH,剑桥科技,信息技术
603085.SH,天成自控,可选消费
603086.SH,先达股份,材料
603087.SH,甘李药业,医疗保健
603088.SH,宁波精达,工业
603089.SH,正裕工业,可选消费
603090.SH,宏盛股份,工业
603093.SH,南华期货,金融
603095.SH,越剑智能,工业
603096.SH,新经典,可选消费
603097.SH,江苏华辰,工业
603098.SH,森特股份,工业
603099.SH,长白山,可选消费
603100.SH,川仪股份,工业
603101.SH,汇嘉时代,可选消费
603102.SH,百合股份,医疗保健
603103.SH,横店影视,可选消费
603105.SH,芯能科技,信息技术
603106.SH,恒银科技,信息技术
603107.SH,上海汽配,可选消费
603108.SH,润达医疗,医疗保健
603109.SH,神驰机电,可选消费
603110.SH,东方材料,材料
603111.SH,康尼机电,工业
603112.SH,华翔股份,工业
603113.SH,金能科技,能源
603115.SH,海星股份,材料
603116.SH,红蜻蜓,可选消费
603117.SH,ST万林,工业
603118.SH,共进股份,信息技术
603119.SH,浙江荣泰,材料
603121.SH,华培动力,可选消费
603122.SH,合富中国,医疗保健
603123.SH,翠微股份,可选消费
603125.SH,常青科技,材料
603126.SH,中材节能,工业
603127.SH,昭衍新药,医疗保健
603128.SH,华贸物流,工业
603129.SH,春风动力,可选消费
603130.SH,云中马,可选消费
603131.SH,上海沪工,工业
603132.SH,金徽股份,材料
603133.SH,*ST碳元,信息技术
603135.SH,中重科技,工业
603136.SH,天目湖,可选消费
603137.SH,恒尚节能,工业
603138.SH,海量数据,信息技术
603139.SH,康惠制药,医疗保健
603150.SH,万朗磁塑,材料
603151.SH,邦基科技,日常消费
603153.SH,上海建科,工业
603155.SH,新亚强,材料
603156.SH,养元饮品,日常消费
603158.SH,腾龙股份,可选消费
603159.SH,上海亚虹,工业
603160.SH,汇顶科技,信息技术
603161.SH,科华控股,可选消费
603162.SH,海通发展,工业
603163.SH,圣晖集成,工业
603165.SH,荣晟环保,材料
603166.SH,福达股份,可选消费
603167.SH,渤海轮渡,工业
603168.SH,莎普爱思,医疗保健
603169.SH,兰石重装,工业
603170.SH,宝立食品,日常消费
603171.SH,税友股份,信息技术
603172.SH,万丰股份,材料
603173.SH,福斯达,工业
603176.SH,汇通集团,工业
603177.SH,德创环保,工业
603178.SH,圣龙股份,可选消费
603179.SH,新泉股份,可选消费
603180.SH,金牌厨柜,可选消费
603181.SH,皇马科技,材料
603182.SH,嘉华股份,日常消费
603183.SH,建研院,工业
603185.SH,弘元绿能,工业
603186.SH,华正新材,信息技术
603187.SH,海容冷链,工业
603188.SH,亚邦股份,材料
603189.SH,网达软件,信息技术
603190.SH,亚通精工,可选消费
603191.SH,望变电气,工业
603192.SH,汇得科技,材料
603193.SH,润本股份,日常消费
603195.SH,公牛集团,工业
603196.SH,日播时尚,可选消费
603197.SH,保隆科技,可选消费
603198.SH,迎驾贡酒,日常消费
603199.SH,九华旅游,可选消费
603200.SH,上海洗霸,工业
603201.SH,常润股份,可选消费
603203.SH,快克智能,工业
603206.SH,嘉环科技,信息技术
603208.SH,江山欧派,可选消费
603209.SH,兴通股份,工业
603211.SH,晋拓股份,可选消费
603212.SH,赛伍技术,材料
603213.SH,镇洋发展,材料
603214.SH,爱婴室,可选消费
603215.SH,比依股份,可选消费
603216.SH,梦天家居,可选消费
603217.SH,元利科技,材料
603218.SH,日月股份,工业
603219.SH,富佳股份,可选消费
603220.SH,中贝通信,信息技术
603221.SH,爱丽家居,可选消费
603222.SH,济民医疗,医疗保健
603223.SH,恒通股份,工业
603225.SH,新凤鸣,材料
603226.SH,菲林格尔,材料
603227.SH,雪峰科技,材料
603228.SH,景旺电子,信息技术
603229.SH,奥翔药业,医疗保健
603230.SH,内蒙新华,可选消费
603231.SH,索宝蛋白,日常消费
603232.SH,格尔软件,信息技术
603233.SH,大参林,日常消费
603235.SH,天新药业,医疗保健
603236.SH,移远通信,信息技术
603237.SH,五芳斋,日常消费
603238.SH,诺邦股份,可选消费
603239.SH,浙江仙通,可选消费
603255.SH,鼎际得,材料
603256.SH,宏和科技,工业
603258.SH,电魂网络,信息技术
603259.SH,药明康德,医疗保健
603260.SH,合盛硅业,材料
603261.SH,立航科技,工业
603266.SH,天龙股份,可选消费
603267.SH,鸿远电子,信息技术
603268.SH,松发股份,可选消费
603269.SH,海鸥股份,工业
603270.SH,金帝股份,可选消费
603272.SH,联翔股份,工业
603273.SH,天元智能,工业
603275.SH,众辰科技,工业
603276.SH,恒兴新材,材料
603277.SH,银都股份,工业
603278.SH,大业股份,材料
603279.SH,景津装备,工业
603280.SH,南方路机,工业
603281.SH,江瀚新材,材料
603282.SH,亚光股份,工业
603283.SH,赛腾股份,信息技术
603286.SH,日盈电子,可选消费
603288.SH,海天味业,日常消费
603289.SH,泰瑞机器,工业
603290.SH,斯达半导,信息技术
603291.SH,联合水务,公用事业
603296.SH,华勤技术,信息技术
603297.SH,永新光学,工业
603298.SH,杭叉集团,工业
603299.SH,苏盐井神,材料
603300.SH,华铁应急,工业
603301.SH,振德医疗,医疗保健
603303.SH,得邦照明,可选消费
603305.SH,旭升集团,可选消费
603306.SH,华懋科技,可选消费
603307.SH,扬州金泉,可选消费
603308.SH,应流股份,工业
603309.SH,维力医疗,医疗保健
603311.SH,金海高科,可选消费
603313.SH,梦百合,可选消费
603315.SH,福鞍股份,工业
603316.SH,诚邦股份,工业
603317.SH,天味食品,日常消费
603318.SH,水发燃气,公用事业
603319.SH,湘油泵,可选消费
603320.SH,迪贝电气,工业
603321.SH,梅轮电梯,工业
603322.SH,超讯通信,信息技术
603323.SH,苏农银行,金融
603324.SH,盛剑环境,工业
603326.SH,我乐家居,可选消费
603327.SH,福蓉科技,信息技术
603328.SH,依顿电子,信息技术
603329.SH,上海雅仕,工业
603330.SH,天洋新材,材料
603331.SH,百达精工,工业
603332.SH,苏州龙杰,材料
603333.SH,尚纬股份,工业
603335.SH,迪生力,可选消费
603336.SH,宏辉果蔬,日常消费
603337.SH,杰克股份,工业
603338.SH,浙江鼎力,工业
603339.SH,四方科技,工业
603345.SH,安井食品,日常消费
603348.SH,文灿股份,可选消费
603351.SH,威尔药业,材料
603353.SH,和顺石油,能源
603355.SH,莱克电气,可选消费
603356.SH,华菱精工,工业
603357.SH,设计总院,工业
603358.SH,华达科技,可选消费
603359.SH,东珠生态,工业
603360.SH,百傲化学,材料
603363.SH,傲农生物,日常消费
603365.SH,水星家纺,可选消费
603366.SH,日出东方,可选消费
603367.SH,辰欣药业,医疗保健
603368.SH,柳药集团,医疗保健
603369.SH,今世缘,日常消费
603373.SH,C安邦,工业
603377.SH,东方时尚,可选消费
603378.SH,亚士创能,材料
603379.SH,三美股份,材料
603380.SH,易德龙,信息技术
603383.SH,顶点软件,信息技术
603385.SH,惠达卫浴,工业
603386.SH,骏亚科技,信息技术
603387.SH,基蛋生物,医疗保健
603388.SH,元成股份,工业
603389.SH,亚振家居,可选消费
603390.SH,通达电气,可选消费
603392.SH,万泰生物,医疗保健
603393.SH,新天然气,公用事业
603396.SH,金辰股份,信息技术
603398.SH,沐邦高科,可选消费
603399.SH,吉翔股份,材料
603408.SH,建霖家居,日常消费
603416.SH,信捷电气,工业
603421.SH,鼎信通讯,信息技术
603429.SH,集友股份,工业
603439.SH,贵州三力,医疗保健
603444.SH,吉比特,信息技术
603456.SH,九洲药业,医疗保健
603458.SH,勘设股份,工业
603466.SH,风语筑,可选消费
603477.SH,巨星农牧,日常消费
603486.SH,科沃斯,可选消费
603488.SH,展鹏科技,工业
603489.SH,八方股份,工业
603496.SH,恒为科技,信息技术
603499.SH,翔港科技,材料
603500.SH,祥和实业,工业
603501.SH,韦尔股份,信息技术
603505.SH,金石资源,材料
603506.SH,南都物业,房地产
603507.SH,振江股份,工业
603508.SH,思维列控,信息技术
603511.SH,爱慕股份,可选消费
603515.SH,欧普照明,可选消费
603516.SH,淳中科技,信息技术
603517.SH,绝味食品,日常消费
603518.SH,锦泓集团,可选消费
603519.SH,立霸股份,可选消费
603520.SH,司太立,医疗保健
603527.SH,众源新材,材料
603528.SH,多伦科技,信息技术
603529.SH,爱玛科技,可选消费
603530.SH,神马电力,工业
603533.SH,掌阅科技,可选消费
603535.SH,嘉诚国际,工业
603536.SH,惠发食品,日常消费
603538.SH,美诺华,医疗保健
603551.SH,奥普家居,工业
603555.SH,ST贵人,可选消费
603556.SH,海兴电力,工业
603557.SH,ST起步,可选消费
603558.SH,健盛集团,可选消费
603559.SH,ST通脉,信息技术
603565.SH,中谷物流,工业
603566.SH,普莱柯,医疗保健
603567.SH,珍宝岛,医疗保健
603568.SH,伟明环保,工业
603569.SH,长久物流,工业
603577.SH,汇金通,工业
603578.SH,三星新材,可选消费
603579.SH,荣泰健康,医疗保健
603580.SH,艾艾精工,材料
603583.SH,捷昌驱动,工业
603585.SH,苏利股份,材料
603586.SH,金麒麟,可选消费
603587.SH,地素时尚,可选消费
603588.SH,高能环境,工业
603589.SH,口子窖,日常消费
603590.SH,康辰药业,医疗保健
603595.SH,东尼电子,信息技术
603596.SH,伯特利,可选消费
603598.SH,引力传媒,可选消费
603599.SH,广信股份,材料
603600.SH,永艺股份,可选消费
603601.SH,再升科技,材料
603602.SH,纵横通信,信息技术
603603.SH,*ST博天,工业
603605.SH,珀莱雅,日常消费
603606.SH,东方电缆,工业
603607.SH,京华激光,材料
603608.SH,天创时尚,可选消费
603609.SH,禾丰股份,日常消费
603610.SH,麒盛科技,可选消费
603611.SH,诺力股份,工业
603612.SH,索通发展,材料
603613.SH,国联股份,信息技术
603615.SH,茶花股份,可选消费
603616.SH,韩建河山,工业
603617.SH,君禾股份,工业
603618.SH,杭电股份,工业
603619.SH,中曼石油,能源
603626.SH,科森科技,信息技术
603628.SH,清源股份,工业
603629.SH,利通电子,信息技术
603630.SH,拉芳家化,日常消费
603633.SH,徕木股份,信息技术
603636.SH,南威软件,信息技术
603637.SH,镇海股份,工业
603638.SH,艾迪精密,工业
603639.SH,海利尔,材料
603648.SH,畅联股份,工业
603650.SH,彤程新材,材料
603655.SH,朗博科技,可选消费
603656.SH,泰禾智能,工业
603657.SH,春光科技,可选消费
603658.SH,安图生物,医疗保健
603659.SH,璞泰来,材料
603660.SH,苏州科达,信息技术
603661.SH,恒林股份,可选消费
603662.SH,柯力传感,工业
603663.SH,三祥新材,材料
603665.SH,康隆达,可选消费
603666.SH,亿嘉和,工业
603667.SH,五洲新春,工业
603668.SH,天马科技,日常消费
603669.SH,灵康药业,医疗保健
603676.SH,卫信康,医疗保健
603677.SH,奇精机械,可选消费
603678.SH,火炬电子,信息技术
603679.SH,华体科技,工业
603680.SH,今创集团,工业
603681.SH,永冠新材,材料
603682.SH,锦和商管,工业
603683.SH,晶华新材,材料
603685.SH,晨丰科技,可选消费
603686.SH,福龙马,工业
603687.SH,大胜达,材料
603688.SH,石英股份,材料
603689.SH,皖天然气,能源
603690.SH,至纯科技,工业
603693.SH,江苏新能,公用事业
603696.SH,安记食品,日常消费
603697.SH,有友食品,日常消费
603698.SH,航天工程,工业
603699.SH,纽威股份,工业
603700.SH,宁水集团,工业
603701.SH,德宏股份,可选消费
603703.SH,盛洋科技,信息技术
603706.SH,东方环宇,公用事业
603707.SH,健友股份,医疗保健
603708.SH,家家悦,日常消费
603709.SH,中源家居,可选消费
603711.SH,香飘飘,日常消费
603712.SH,七一二,信息技术
603713.SH,密尔克卫,工业
603716.SH,塞力医疗,医疗保健
603717.SH,天域生态,工业
603718.SH,海利生物,医疗保健
603719.SH,良品铺子,可选消费
603721.SH,中广天择,可选消费
603722.SH,阿科力,材料
603725.SH,天安新材,材料
603726.SH,朗迪集团,工业
603727.SH,博迈科,能源
603728.SH,鸣志电器,工业
603729.SH,龙韵股份,可选消费
603730.SH,岱美股份,可选消费
603733.SH,仙鹤股份,材料
603737.SH,三棵树,材料
603738.SH,泰晶科技,信息技术
603739.SH,蔚蓝生物,日常消费
603755.SH,日辰股份,日常消费
603757.SH,大元泵业,工业
603758.SH,秦安股份,可选消费
603759.SH,海天股份,公用事业
603766.SH,隆鑫通用,可选消费
603767.SH,中马传动,可选消费
603768.SH,常青股份,可选消费
603773.SH,沃格光电,信息技术
603776.SH,永安行,工业
603777.SH,来伊份,日常消费
603778.SH,国晟科技,工业
603779.SH,威龙股份,日常消费
603786.SH,科博达,可选消费
603787.SH,新日股份,可选消费
603788.SH,宁波高发,可选消费
603789.SH,星光农机,工业
603790.SH,雅运股份,材料
603797.SH,联泰环保,工业
603798.SH,康普顿,能源
603799.SH,华友钴业,材料
603800.SH,道森股份,能源
603801.SH,志邦家居,可选消费
603803.SH,瑞斯康达,信息技术
603806.SH,福斯特,信息技术
603808.SH,歌力思,可选消费
603809.SH,豪能股份,可选消费
603810.SH,丰山集团,材料
603811.SH,诚意药业,医疗保健
603813.SH,原尚股份,工业
603815.SH,交建股份,工业
603816.SH,顾家家居,可选消费
603817.SH,海峡环保,公用事业
603818.SH,曲美家居,可选消费
603819.SH,神力股份,工业
603822.SH,嘉澳环保,材料
603823.SH,百合花,材料
603825.SH,华扬联众,可选消费
603826.SH,坤彩科技,材料
603828.SH,柯利达,工业
603829.SH,洛凯股份,工业
603833.SH,欧派家居,可选消费
603836.SH,海程邦达,工业
603838.SH,四通股份,可选消费
603839.SH,安正时尚,可选消费
603843.SH,正平股份,工业
603848.SH,好太太,可选消费
603855.SH,华荣股份,工业
603856.SH,东宏股份,工业
603858.SH,步长制药,医疗保健
603859.SH,能科科技,信息技术
603860.SH,中公高科,工业
603861.SH,白云电器,工业
603863.SH,松炀资源,材料
603866.SH,桃李面包,日常消费
603867.SH,新化股份,材料
603868.SH,飞科电器,可选消费
603869.SH,新智认知,信息技术
603871.SH,嘉友国际,工业
603876.SH,鼎胜新材,材料
603877.SH,太平鸟,可选消费
603878.SH,武进不锈,材料
603879.SH,永悦科技,材料
603880.SH,ST南卫,医疗保健
603881.SH,数据港,信息技术
603882.SH,金域医学,医疗保健
603883.SH,老百姓,日常消费
603885.SH,吉祥航空,工业
603886.SH,元祖股份,日常消费
603887.SH,城地香江,信息技术
603888.SH,新华网,信息技术
603889.SH,新澳股份,可选消费
603890.SH,春秋电子,信息技术
603893.SH,瑞芯微,信息技术
603895.SH,天永智能,工业
603896.SH,寿仙谷,医疗保健
603897.SH,长城科技,工业
603898.SH,好莱客,可选消费
603899.SH,晨光股份,工业
603900.SH,莱绅通灵,可选消费
603901.SH,永创智能,工业
603903.SH,中持股份,工业
603906.SH,龙蟠科技,能源
603908.SH,牧高笛,可选消费
603909.SH,建发合诚,工业
603912.SH,佳力图,工业
603915.SH,国茂股份,工业
603916.SH,苏博特,材料
603917.SH,合力科技,可选消费
603918.SH,金桥信息,信息技术
603919.SH,金徽酒,日常消费
603920.SH,世运电路,信息技术
603922.SH,金鸿顺,可选消费
603926.SH,铁流股份,可选消费
603927.SH,中科软,信息技术
603928.SH,兴业股份,材料
603929.SH,亚翔集成,工业
603931.SH,格林达,材料
603933.SH,睿能科技,信息技术
603936.SH,博敏电子,信息技术
603937.SH,丽岛新材,材料
603938.SH,三孚股份,材料
603939.SH,益丰药房,日常消费
603948.SH,建业股份,材料
603949.SH,雪龙集团,可选消费
603950.SH,长源东谷,可选消费
603955.SH,大千生态,工业
603956.SH,威派格,工业
603958.SH,哈森股份,可选消费
603959.SH,百利科技,工业
603960.SH,克来机电,工业
603963.SH,大理药业,医疗保健
603966.SH,法兰泰克,工业
603967.SH,中创物流,工业
603968.SH,醋化股份,材料
603969.SH,银龙股份,材料
603970.SH,中农立华,工业
603976.SH,正川股份,医疗保健
603977.SH,国泰集团,材料
603978.SH,深圳新星,材料
603979.SH,金诚信,材料
603980.SH,吉华集团,材料
603982.SH,泉峰汽车,可选消费
603983.SH,丸美股份,日常消费
603985.SH,恒润股份,工业
603986.SH,兆易创新,信息技术
603987.SH,康德莱,医疗保健
603988.SH,中电电机,工业
603989.SH,艾华集团,信息技术
603990.SH,麦迪科技,信息技术
603991.SH,至正股份,材料
603992.SH,松霖科技,工业
603993.SH,洛阳钼业,材料
603995.SH,甬金股份,材料
603997.SH,继峰股份,可选消费
603998.SH,方盛制药,医疗保健
603999.SH,读者传媒,可选消费
605001.SH,威奥股份,工业
605003.SH,众望布艺,可选消费
605005.SH,合兴股份,可选消费
605006.SH,山东玻纤,材料
605007.SH,五洲特纸,材料
605008.SH,长鸿高科,材料
605009.SH,豪悦护理,日常消费
605011.SH,杭州热电,公用事业
605016.SH,百龙创园,日常消费
605018.SH,长华集团,可选消费
605020.SH,永和股份,材料
605028.SH,世茂能源,公用事业
605033.SH,美邦股份,材料
605050.SH,福然德,工业
605055.SH,迎丰股份,可选消费
605056.SH,咸亨国际,可选消费
605058.SH,澳弘电子,信息技术
605060.SH,联德股份,工业
605066.SH,天正电气,工业
605068.SH,明新旭腾,可选消费
605069.SH,正和生态,工业
605077.SH,华康股份,日常消费
605080.SH,浙江自然,可选消费
605081.SH,太和水,工业
605086.SH,龙高股份,材料
605088.SH,冠盛股份,可选消费
605089.SH,味知香,日常消费
605090.SH,九丰能源,公用事业
605098.SH,行动教育,可选消费
605099.SH,共创草坪,材料
605100.SH,华丰股份,工业
605108.SH,同庆楼,可选消费
605111.SH,新洁能,信息技术
605116.SH,奥锐特,医疗保健
605117.SH,德业股份,可选消费
605118.SH,力鼎光电,信息技术
605122.SH,四方新材,材料
605123.SH,派克新材,工业
605128.SH,上海沿浦,可选消费
605133.SH,嵘泰股份,可选消费
605136.SH,丽人丽妆,可选消费
605138.SH,盛泰集团,可选消费
605151.SH,西上海,可选消费
605155.SH,西大门,材料
605158.SH,华达新材,材料
605162.SH,新中港,公用事业
605166.SH,聚合顺,材料
605167.SH,利柏特,工业
605168.SH,三人行,可选消费
605169.SH,洪通燃气,公用事业
605177.SH,东亚药业,医疗保健
605178.SH,时空科技,工业
605179.SH,一鸣食品,日常消费
605180.SH,华生科技,可选消费
605183.SH,确成股份,材料
605186.SH,健麾信息,医疗保健
605188.SH,国光连锁,日常消费
605189.SH,富春染织,可选消费
605196.SH,华通线缆,工业
605198.SH,安德利,日常消费
605199.SH,葫芦娃,医疗保健
605208.SH,永茂泰,材料
605218.SH,伟时电子,信息技术
605222.SH,起帆电缆,工业
605228.SH,神通科技,可选消费
605255.SH,天普股份,可选消费
605258.SH,协和电子,信息技术
605259.SH,绿田机械,可选消费
605266.SH,健之佳,日常消费
605268.SH,王力安防,可选消费
605277.SH,新亚电子,信息技术
605286.SH,同力日升,工业
605287.SH,德才股份,工业
605288.SH,凯迪股份,工业
605289.SH,罗曼股份,工业
605296.SH,神农集团,日常消费
605298.SH,必得科技,工业
605299.SH,舒华体育,可选消费
605300.SH,佳禾食品,日常消费
605303.SH,园林股份,工业
605305.SH,中际联合,工业
605318.SH,法狮龙,工业
605319.SH,无锡振华,可选消费
605333.SH,沪光股份,可选消费
605336.SH,帅丰电器,可选消费
605337.SH,李子园,日常消费
605338.SH,巴比食品,日常消费
605339.SH,南侨食品,日常消费
605358.SH,立昂微,信息技术
605365.SH,立达信,可选消费
605366.SH,宏柏新材,材料
605368.SH,蓝天燃气,公用事业
605369.SH,拱东医疗,医疗保健
605376.SH,博迁新材,材料
605377.SH,华旺科技,材料
605378.SH,野马电池,工业
605388.SH,均瑶健康,日常消费
605389.SH,长龄液压,工业
605398.SH,新炬网络,信息技术
605399.SH,晨光新材,材料
605488.SH,福莱新材,材料
605499.SH,东鹏饮料,日常消费
605500.SH,森林包装,材料
605507.SH,国邦医药,医疗保健
605555.SH,德昌股份,可选消费
605566.SH,福莱蒽特,材料
605567.SH,春雪食品,日常消费
605577.SH,龙版传媒,可选消费
605580.SH,恒盛能源,公用事业
605588.SH,冠石科技,信息技术
605589.SH,圣泉集团,材料
605598.SH,上海港湾,工业
605599.SH,菜百股份,可选消费
688001.SH,华兴源创,信息技术
688002.SH,睿创微纳,信息技术
688003.SH,天准科技,工业
688004.SH,博汇科技,信息技术
688005.SH,容百科技,材料
688006.SH,杭可科技,工业
688007.SH,光峰科技,信息技术
688008.SH,澜起科技,信息技术
688009.SH,中国通号,工业
688010.SH,福光股份,信息技术
688011.SH,新光光电,工业
688012.SH,中微公司,信息技术
688013.SH,天臣医疗,医疗保健
688015.SH,交控科技,工业
688016.SH,心脉医疗,医疗保健
688017.SH,绿的谐波,工业
688018.SH,乐鑫科技,信息技术
688019.SH,安集科技,材料
688020.SH,方邦股份,信息技术
688021.SH,奥福环保,可选消费
688022.SH,瀚川智能,工业
688023.SH,安恒信息,信息技术
688025.SH,杰普特,信息技术
688026.SH,洁特生物,材料
688027.SH,国盾量子,信息技术
688028.SH,沃尔德,工业
688029.SH,南微医学,医疗保健
688030.SH,山石网科,信息技术
688031.SH,星环科技-U,信息技术
688032.SH,禾迈股份,工业
688033.SH,天宜上佳,工业
688035.SH,德邦科技,材料
688036.SH,传音控股,信息技术
688037.SH,芯源微,信息技术
688038.SH,中科通达,信息技术
688039.SH,当虹科技,信息技术
688041.SH,海光信息,信息技术
688045.SH,必易微,信息技术
688046.SH,药康生物,医疗保健
688047.SH,龙芯中科,信息技术
688048.SH,长光华芯,信息技术
688049.SH,炬芯科技,信息技术
688050.SH,爱博医疗,医疗保健
688051.SH,佳华科技,信息技术
688052.SH,纳芯微,信息技术
688053.SH,思科瑞,信息技术
688055.SH,龙腾光电,信息技术
688056.SH,莱伯泰科,信息技术
688057.SH,金达莱,工业
688058.SH,宝兰德,信息技术
688059.SH,华锐精密,工业
688060.SH,云涌科技,信息技术
688061.SH,灿瑞科技,信息技术
688062.SH,迈威生物-U,医疗保健
688063.SH,派能科技,工业
688065.SH,凯赛生物,医疗保健
688066.SH,航天宏图,信息技术
688067.SH,爱威科技,医疗保健
688068.SH,热景生物,医疗保健
688069.SH,德林海,工业
688070.SH,纵横股份,工业
688071.SH,华依科技,可选消费
688072.SH,拓荆科技,信息技术
688073.SH,毕得医药,医疗保健
688075.SH,安旭生物,医疗保健
688076.SH,诺泰生物,医疗保健
688077.SH,大地熊,材料
688078.SH,龙软科技,信息技术
688079.SH,美迪凯,信息技术
688080.SH,映翰通,信息技术
688081.SH,兴图新科,信息技术
688082.SH,盛美上海,信息技术
688083.SH,中望软件,信息技术
688084.SH,晶品特装,信息技术
688085.SH,三友医疗,医疗保健
688087.SH,英科再生,材料
688088.SH,虹软科技,信息技术
688089.SH,嘉必优,日常消费
688090.SH,瑞松科技,工业
688091.SH,上海谊众,医疗保健
688092.SH,爱科科技,工业
688093.SH,世华科技,信息技术
688095.SH,福昕软件,信息技术
688096.SH,京源环保,工业
688097.SH,博众精工,工业
688098.SH,申联生物,医疗保健
688099.SH,晶晨股份,信息技术
688100.SH,威胜信息,信息技术
688101.SH,三达膜,工业
688102.SH,斯瑞新材,材料
688103.SH,国力股份,信息技术
688105.SH,诺唯赞,医疗保健
688106.SH,金宏气体,材料
688107.SH,安路科技,信息技术
688108.SH,赛诺医疗,医疗保健
688109.SH,品茗科技,信息技术
688110.SH,东芯股份,信息技术
688111.SH,金山办公,信息技术
688112.SH,鼎阳科技,信息技术
688113.SH,联测科技,工业
688114.SH,华大智造,医疗保健
688115.SH,思林杰,信息技术
688116.SH,天奈科技,材料
688117.SH,圣诺生物,医疗保健
688118.SH,普元信息,信息技术
688119.SH,中钢洛耐,材料
688120.SH,华海清科,信息技术
688121.SH,卓然股份,工业
688122.SH,西部超导,材料
688123.SH,聚辰股份,信息技术
688125.SH,安达智能,工业
688126.SH,沪硅产业,信息技术
688127.SH,蓝特光学,信息技术
688128.SH,中国电研,工业
688129.SH,东来技术,材料
688130.SH,晶华微,信息技术
688131.SH,皓元医药,医疗保健
688132.SH,邦彦技术,信息技术
688133.SH,泰坦科技,材料
688135.SH,利扬芯片,信息技术
688136.SH,科兴制药,医疗保健
688137.SH,近岸蛋白,医疗保健
688138.SH,清溢光电,信息技术
688139.SH,海尔生物,医疗保健
688141.SH,杰华特,信息技术
688143.SH,长盈通,信息技术
688146.SH,中船特气,材料
688147.SH,微导纳米,信息技术
688148.SH,芳源股份,材料
688150.SH,莱特光电,材料
688151.SH,华强科技,工业
688152.SH,麒麟信安,信息技术
688153.SH,唯捷创芯,信息技术
688155.SH,先惠技术,工业
688156.SH,路德环境,公用事业
688157.SH,松井股份,材料
688158.SH,优刻得-W,信息技术
688159.SH,有方科技,信息技术
688160.SH,步科股份,工业
688161.SH,威高骨科,医疗保健
688162.SH,巨一科技,工业
688163.SH,赛伦生物,医疗保健
688165.SH,埃夫特-U,工业
688166.SH,博瑞医药,医疗保健
688167.SH,炬光科技,信息技术
688168.SH,安博通,信息技术
688169.SH,石头科技,可选消费
688170.SH,德龙激光,信息技术
688171.SH,纬德信息,信息技术
688172.SH,燕东微,信息技术
688173.SH,希荻微,信息技术
688175.SH,高凌信息,信息技术
688176.SH,亚虹医药-U,医疗保健
688177.SH,百奥泰,医疗保健
688178.SH,万德斯,工业
688179.SH,阿拉丁,材料
688180.SH,君实生物-U,医疗保健
688181.SH,八亿时空,信息技术
688182.SH,灿勤科技,信息技术
688183.SH,生益电子,信息技术
688184.SH,帕瓦股份,信息技术
688185.SH,康希诺,医疗保健
688186.SH,广大特材,材料
688187.SH,时代电气,工业
688188.SH,柏楚电子,信息技术
688189.SH,南新制药,医疗保健
688190.SH,云路股份,材料
688191.SH,智洋创新,工业
688192.SH,迪哲医药-U,医疗保健
688193.SH,仁度生物,医疗保健
688195.SH,腾景科技,信息技术
688196.SH,卓越新能,材料
688197.SH,首药控股-U,医疗保健
688198.SH,佰仁医疗,医疗保健
688199.SH,久日新材,材料
688200.SH,华峰测控,信息技术
688201.SH,信安世纪,信息技术
688202.SH,美迪西,医疗保健
688203.SH,海正生材,医疗保健
688205.SH,德科立,信息技术
688206.SH,概伦电子,信息技术
688207.SH,格灵深瞳,信息技术
688208.SH,道通科技,信息技术
688209.SH,英集芯,信息技术
688210.SH,统联精密,信息技术
688211.SH,中科微至,工业
688212.SH,澳华内镜,医疗保健
688213.SH,思特威-W,信息技术
688215.SH,瑞晟智能,信息技术
688216.SH,气派科技,信息技术
688217.SH,睿昂基因,医疗保健
688218.SH,江苏北人,工业
688219.SH,会通股份,材料
688220.SH,翱捷科技-U,信息技术
688221.SH,前沿生物-U,医疗保健
688222.SH,成都先导,医疗保健
688223.SH,晶科能源,信息技术
688225.SH,亚信安全,信息技术
688226.SH,威腾电气,工业
688227.SH,品高股份,信息技术
688228.SH,开普云,信息技术
688229.SH,博睿数据,信息技术
688230.SH,芯导科技,信息技术
688231.SH,隆达股份,材料
688232.SH,新点软件,信息技术
688233.SH,神工股份,信息技术
688234.SH,天岳先进,信息技术
688235.SH,百济神州-U,医疗保健
688236.SH,春立医疗,医疗保健
688237.SH,超卓航科,工业
688238.SH,和元生物,医疗保健
688239.SH,航宇科技,工业
688244.SH,永信至诚,信息技术
688246.SH,嘉和美康,信息技术
688247.SH,宣泰医药,医疗保健
688248.SH,南网科技,工业
688249.SH,晶合集成,信息技术
688251.SH,井松智能,信息技术
688252.SH,天德钰,信息技术
688253.SH,英诺特,医疗保健
688255.SH,凯尔达,工业
688256.SH,寒武纪-U,信息技术
688257.SH,新锐股份,材料
688258.SH,卓易信息,信息技术
688259.SH,创耀科技,信息技术
688260.SH,昀冢科技,信息技术
688261.SH,东微半导,信息技术
688262.SH,国芯科技,信息技术
688265.SH,南模生物,医疗保健
688266.SH,泽璟制药-U,医疗保健
688267.SH,中触媒,材料
688268.SH,华特气体,材料
688269.SH,凯立新材,材料
688270.SH,臻镭科技,信息技术
688271.SH,联影医疗,医疗保健
688272.SH,*ST富吉,信息技术
688273.SH,麦澜德,医疗保健
688275.SH,万润新能,材料
688276.SH,百克生物,医疗保健
688277.SH,天智航-U,医疗保健
688278.SH,特宝生物,医疗保健
688279.SH,峰岹科技,信息技术
688280.SH,精进电动-UW,工业
688281.SH,华秦科技,工业
688282.SH,理工导航,工业
688283.SH,坤恒顺维,信息技术
688285.SH,高铁电气,工业
688286.SH,敏芯股份,信息技术
688287.SH,观典防务,工业
688288.SH,鸿泉物联,可选消费
688289.SH,圣湘生物,医疗保健
688290.SH,景业智能,工业
688291.SH,金橙子,信息技术
688292.SH,浩瀚深度,信息技术
688293.SH,奥浦迈,医疗保健
688295.SH,中复神鹰,材料
688296.SH,和达科技,信息技术
688297.SH,中无人机,工业
688298.SH,东方生物,医疗保健
688299.SH,长阳科技,材料
688300.SH,联瑞新材,材料
688301.SH,奕瑞科技,医疗保健
688302.SH,海创药业-U,医疗保健
688303.SH,大全能源,信息技术
688305.SH,科德数控,工业
688306.SH,均普智能,工业
688307.SH,中润光学,信息技术
688308.SH,欧科亿,工业
688309.SH,恒誉环保,工业
688310.SH,迈得医疗,医疗保健
688311.SH,盟升电子,工业
688312.SH,燕麦科技,信息技术
688313.SH,仕佳光子,信息技术
688314.SH,康拓医疗,医疗保健
688315.SH,诺禾致源,医疗保健
688316.SH,青云科技-U,信息技术
688317.SH,之江生物,医疗保健
688318.SH,财富趋势,信息技术
688319.SH,欧林生物,医疗保健
688320.SH,禾川科技,工业
688321.SH,微芯生物,医疗保健
688322.SH,奥比中光-UW,信息技术
688323.SH,瑞华泰,材料
688325.SH,赛微微电,信息技术
688326.SH,经纬恒润-W,信息技术
688327.SH,云从科技-UW,信息技术
688328.SH,深科达,工业
688329.SH,艾隆科技,医疗保健
688330.SH,宏力达,工业
688331.SH,荣昌生物,医疗保健
688332.SH,中科蓝讯,信息技术
688333.SH,铂力特,工业
688334.SH,西高院,工业
688335.SH,复洁环保,工业
688336.SH,三生国健,医疗保健
688337.SH,普源精电,信息技术
688338.SH,赛科希德,医疗保健
688339.SH,亿华通-U,工业
688343.SH,云天励飞-U,信息技术
688345.SH,博力威,工业
688347.SH,华虹公司,信息技术
688348.SH,昱能科技,工业
688349.SH,三一重能,工业
688350.SH,富淼科技,材料
688351.SH,微电生理-U,医疗保健
688352.SH,颀中科技,信息技术
688353.SH,华盛锂电,材料
688355.SH,明志科技,工业
688356.SH,键凯科技,医疗保健
688357.SH,建龙微纳,材料
688358.SH,祥生医疗,医疗保健
688359.SH,三孚新科,材料
688360.SH,德马科技,工业
688361.SH,中科飞测-U,信息技术
688362.SH,甬矽电子,信息技术
688363.SH,华熙生物,医疗保健
688365.SH,光云科技,信息技术
688366.SH,昊海生科,医疗保健
688367.SH,工大高科,信息技术
688368.SH,晶丰明源,信息技术
688369.SH,致远互联,信息技术
688370.SH,丛麟科技,工业
688371.SH,菲沃泰,信息技术
688372.SH,伟测科技,信息技术
688373.SH,盟科药业-U,医疗保健
688375.SH,国博电子,工业
688376.SH,美埃科技,工业
688377.SH,迪威尔,能源
688378.SH,奥来德,信息技术
688379.SH,华光新材,材料
688380.SH,中微半导,信息技术
688381.SH,帝奥微,信息技术
688382.SH,益方生物-U,医疗保健
688383.SH,新益昌,工业
688385.SH,复旦微电,信息技术
688386.SH,泛亚微透,信息技术
688387.SH,信科移动-U,信息技术
688388.SH,嘉元科技,材料
688389.SH,普门科技,医疗保健
688390.SH,固德威,信息技术
688391.SH,钜泉科技,信息技术
688392.SH,骄成超声,工业
688393.SH,安必平,医疗保健
688395.SH,正弦电气,工业
688396.SH,华润微,信息技术
688398.SH,赛特新材,材料
688399.SH,硕世生物,医疗保健
688400.SH,凌云光,信息技术
688401.SH,路维光电,信息技术
688403.SH,汇成股份,信息技术
688408.SH,中信博,工业
688409.SH,富创精密,工业
688410.SH,山外山,医疗保健
688416.SH,恒烁股份,信息技术
688418.SH,震有科技,信息技术
688419.SH,耐科装备,工业
688420.SH,美腾科技,工业
688425.SH,铁建重工,工业
688426.SH,康为世纪,医疗保健
688428.SH,诺诚健华-U,医疗保健
688429.SH,时创能源,信息技术
688432.SH,有研硅,信息技术
688433.SH,华曙高科,工业
688435.SH,英方软件,信息技术
688439.SH,振华风光,信息技术
688443.SH,智翔金泰-U,医疗保健
688448.SH,磁谷科技,工业
688450.SH,光格科技,信息技术
688455.SH,科捷智能,工业
688456.SH,有研粉材,材料
688458.SH,美芯晟,信息技术
688459.SH,哈铁科技,工业
688466.SH,金科环境,工业
688468.SH,科美诊断,医疗保健
688469.SH,芯联集成-U,信息技术
688472.SH,阿特斯,信息技术
688475.SH,萤石网络,信息技术
688478.SH,晶升股份,信息技术
688479.SH,友车科技,信息技术
688480.SH,赛恩斯,工业
688484.SH,南芯科技,信息技术
688485.SH,九州一轨,工业
688486.SH,龙迅股份,信息技术
688488.SH,艾迪药业,医疗保健
688489.SH,三未信安,信息技术
688496.SH,清越科技,信息技术
688498.SH,源杰科技,信息技术
688499.SH,利元亨,工业
688500.SH,*ST慧辰,信息技术
688501.SH,青达环保,工业
688502.SH,茂莱光学,信息技术
688503.SH,聚和材料,信息技术
688505.SH,复旦张江,医疗保健
688506.SH,百利天恒-U,医疗保健
688507.SH,索辰科技,信息技术
688508.SH,芯朋微,信息技术
688509.SH,正元地信,工业
688510.SH,航亚科技,工业
688511.SH,天微电子,信息技术
688512.SH,慧智微-U,信息技术
688513.SH,苑东生物,医疗保健
688515.SH,裕太微-U,信息技术
688516.SH,奥特维,工业
688517.SH,金冠电气,工业
688518.SH,联赢激光,工业
688519.SH,南亚新材,信息技术
688520.SH,神州细胞-U,医疗保健
688521.SH,芯原股份,信息技术
688522.SH,纳睿雷达,工业
688523.SH,航天环宇,工业
688525.SH,佰维存储,信息技术
688526.SH,科前生物,医疗保健
688528.SH,秦川物联,工业
688529.SH,豪森智能,工业
688531.SH,日联科技,工业
688533.SH,上声电子,可选消费
688535.SH,华海诚科,信息技术
688536.SH,思瑞浦,信息技术
688538.SH,和辉光电-U,信息技术
688539.SH,高华科技,信息技术
688543.SH,国科军工,工业
688548.SH,广钢气体,材料
688549.SH,中巨芯-U,材料
688550.SH,瑞联新材,材料
688551.SH,科威尔,工业
688552.SH,航天南湖,工业
688553.SH,汇宇制药-W,医疗保健
688556.SH,高测股份,工业
688557.SH,兰剑智能,工业
688558.SH,国盛智科,工业
688559.SH,海目星,信息技术
688560.SH,明冠新材,材料
688561.SH,奇安信-U,信息技术
688562.SH,航天软件,信息技术
688563.SH,航材股份,工业
688565.SH,力源科技,工业
688566.SH,吉贝尔,医疗保健
688567.SH,孚能科技,工业
688568.SH,中科星图,信息技术
688569.SH,铁科轨道,材料
688570.SH,天玛智控,工业
688571.SH,杭华股份,材料
688573.SH,信宇人,工业
688575.SH,亚辉龙,医疗保健
688576.SH,西山科技,医疗保健
688577.SH,浙海德曼,工业
688578.SH,艾力斯,医疗保健
688579.SH,山大地纬,信息技术
688580.SH,伟思医疗,医疗保健
688581.SH,安杰思,医疗保健
688582.SH,芯动联科,信息技术
688585.SH,上纬新材,材料
688586.SH,江航装备,工业
688588.SH,凌志软件,信息技术
688589.SH,力合微,信息技术
688590.SH,新致软件,信息技术
688591.SH,泰凌微,信息技术
688592.SH,司南导航,工业
688593.SH,新相微,信息技术
688595.SH,芯海科技,信息技术
688596.SH,正帆科技,材料
688597.SH,煜邦电力,工业
688598.SH,金博股份,材料
688599.SH,天合光能,信息技术
688600.SH,皖仪科技,信息技术
688601.SH,力芯微,信息技术
688602.SH,康鹏科技,材料
688603.SH,天承科技,材料
688606.SH,奥泰生物,医疗保健
688607.SH,康众医疗,医疗保健
688608.SH,恒玄科技,信息技术
688609.SH,九联科技,信息技术
688610.SH,埃科光电,信息技术
688611.SH,杭州柯林,工业
688612.SH,威迈斯,可选消费
688613.SH,奥精医疗,医疗保健
688616.SH,西力科技,工业
688617.SH,惠泰医疗,医疗保健
688618.SH,三旺通信,信息技术
688619.SH,罗普特,信息技术
688620.SH,安凯微,信息技术
688621.SH,阳光诺和,医疗保健
688622.SH,禾信仪器,工业
688623.SH,双元科技,工业
688625.SH,呈和科技,材料
688626.SH,翔宇医疗,医疗保健
688627.SH,精智达,信息技术
688628.SH,优利德,工业
688629.SH,华丰科技,信息技术
688630.SH,芯碁微装,信息技术
688631.SH,莱斯信息,信息技术
688633.SH,星球石墨,工业
688636.SH,智明达,工业
688638.SH,誉辰智能,工业
688639.SH,华恒生物,医疗保健
688646.SH,逸飞激光,工业
688648.SH,中邮科技,工业
688651.SH,盛邦安全,信息技术
688652.SH,京仪装备,信息技术
688653.SH,康希通信,信息技术
688655.SH,迅捷兴,信息技术
688656.SH,浩欧博,医疗保健
688657.SH,浩辰软件,信息技术
688658.SH,悦康药业,医疗保健
688659.SH,元琛科技,工业
688660.SH,电气风电,工业
688661.SH,和林微纳,信息技术
688662.SH,富信科技,信息技术
688663.SH,新风光,工业
688665.SH,四方光电,信息技术
688667.SH,菱电电控,可选消费
688668.SH,鼎通科技,信息技术
688669.SH,聚石化学,材料
688670.SH,金迪克,医疗保健
688671.SH,碧兴物联,工业
688676.SH,金盘科技,工业
688677.SH,海泰新光,医疗保健
688678.SH,福立旺,工业
688679.SH,通源环境,工业
688680.SH,海优新材,材料
688681.SH,科汇股份,工业
688682.SH,霍莱沃,信息技术
688683.SH,莱尔科技,工业
688685.SH,迈信林,工业
688686.SH,奥普特,工业
688687.SH,凯因科技,医疗保健
688689.SH,银河微电,信息技术
688690.SH,纳微科技,医疗保健
688693.SH,锴威特,信息技术
688696.SH,极米科技,信息技术
688697.SH,纽威数控,工业
688698.SH,伟创电气,工业
688699.SH,明微电子,信息技术
688700.SH,东威科技,工业
688701.SH,卓锦股份,工业
688702.SH,盛科通信-U,信息技术
688707.SH,振华新材,工业
688711.SH,宏微科技,信息技术
688716.SH,中研股份,材料
688718.SH,唯赛勃,材料
688719.SH,爱科赛博,工业
688720.SH,艾森股份,材料
688722.SH,同益中,材料
688728.SH,格科微,信息技术
688733.SH,壹石通,材料
688737.SH,中自科技,可选消费
688739.SH,成大生物,医疗保健
688766.SH,普冉股份,信息技术
688767.SH,博拓生物,医疗保健
688768.SH,容知日新,信息技术
688772.SH,珠海冠宇,信息技术
688776.SH,国光电气,信息技术
688777.SH,中控技术,信息技术
688778.SH,厦钨新能,材料
688779.SH,长远锂科,材料
688786.SH,悦安新材,材料
688787.SH,海天瑞声,信息技术
688788.SH,科思科技,信息技术
688789.SH,宏华数科,工业
688793.SH,倍轻松,医疗保健
688798.SH,艾为电子,信息技术
688799.SH,华纳药厂,医疗保健
688800.SH,瑞可达,信息技术
688819.SH,天能股份,工业
688981.SH,中芯国际,信息技术
689009.SH,九号公司-WD,可选消费
